edge_index,node_id
0,q0_t0
0,q0_t1
1,q0_t1
1,q0_t2
2,q0_t10
2,q0_t11
3,q0_t10
3,q0_t9
4,q0_t100
4,q0_t101
5,q0_t100
5,q0_t99
5,q1_t106
5,q1_t107
6,q0_t101
6,q0_t102
7,q0_t102
7,q0_t103
8,q0_t103
8,q0_t104
9,q0_t11
9,q0_t12
10,q0_t12
10,q0_t13
10,q13_t162
10,q13_t163
11,q0_t13
11,q0_t14
12,q0_t14
12,q0_t15
13,q0_t15
13,q0_t16
13,q13_t166
13,q13_t167
14,q0_t16
14,q0_t17
15,q0_t17
15,q0_t18
16,q0_t18
16,q0_t19
17,q0_t19
17,q0_t20
17,q12_t157
17,q12_t158
18,q0_t2
18,q0_t3
19,q0_t20
19,q0_t21
20,q0_t21
20,q0_t22
21,q0_t22
21,q0_t23
21,q12_t161
21,q12_t162
22,q0_t23
22,q0_t24
23,q0_t24
23,q0_t25
24,q0_t25
24,q0_t26
25,q0_t26
25,q0_t27
25,q11_t152
25,q11_t153
26,q0_t27
26,q0_t28
27,q0_t28
27,q0_t29
28,q0_t29
28,q0_t30
28,q11_t156
28,q11_t157
29,q0_t3
29,q0_t4
30,q0_t30
30,q0_t31
31,q0_t31
31,q0_t32
32,q0_t32
32,q0_t33
33,q0_t33
33,q0_t34
33,q10_t147
33,q10_t148
34,q0_t34
34,q0_t35
35,q0_t35
35,q0_t36
36,q0_t36
36,q0_t37
36,q10_t151
36,q10_t152
37,q0_t37
37,q0_t38
38,q0_t38
38,q0_t39
39,q0_t39
39,q0_t40
40,q0_t4
40,q0_t5
41,q0_t40
41,q0_t41
41,q9_t142
41,q9_t143
42,q0_t41
42,q0_t42
43,q0_t42
43,q0_t43
44,q0_t43
44,q0_t44
44,q9_t146
44,q9_t147
45,q0_t44
45,q0_t45
46,q0_t45
46,q0_t46
47,q0_t46
47,q0_t47
48,q0_t47
48,q0_t48
48,q8_t137
48,q8_t138
49,q0_t48
49,q0_t49
50,q0_t49
50,q0_t50
51,q0_t5
51,q0_t6
51,q14_t63
51,q14_t64
52,q0_t50
52,q0_t51
52,q8_t141
52,q8_t142
53,q0_t51
53,q0_t52
54,q0_t52
54,q0_t53
55,q0_t53
55,q0_t54
56,q0_t54
56,q0_t55
56,q7_t132
56,q7_t133
57,q0_t55
57,q0_t56
58,q0_t56
58,q0_t57
59,q0_t57
59,q0_t58
59,q7_t136
59,q7_t137
60,q0_t58
60,q0_t59
61,q0_t59
61,q0_t60
62,q0_t6
62,q0_t7
63,q0_t60
63,q0_t61
64,q0_t61
64,q0_t62
64,q6_t127
64,q6_t128
65,q0_t62
65,q0_t63
66,q0_t63
66,q0_t64
67,q0_t64
67,q0_t65
67,q6_t131
67,q6_t132
68,q0_t65
68,q0_t66
69,q0_t66
69,q0_t67
70,q0_t67
70,q0_t68
71,q0_t68
71,q0_t69
71,q5_t122
71,q5_t123
72,q0_t69
72,q0_t70
73,q0_t7
73,q0_t8
74,q0_t70
74,q0_t71
75,q0_t71
75,q0_t72
75,q5_t126
75,q5_t127
76,q0_t72
76,q0_t73
77,q0_t73
77,q0_t74
78,q0_t74
78,q0_t75
79,q0_t75
79,q0_t76
79,q4_t117
79,q4_t118
80,q0_t76
80,q0_t77
81,q0_t77
81,q0_t78
82,q0_t78
82,q0_t79
82,q4_t121
82,q4_t122
83,q0_t79
83,q0_t80
84,q0_t8
84,q0_t9
84,q14_t71
84,q14_t72
85,q0_t80
85,q0_t81
86,q0_t81
86,q0_t82
87,q0_t82
87,q0_t83
87,q3_t112
87,q3_t113
88,q0_t83
88,q0_t84
89,q0_t84
89,q0_t85
90,q0_t85
90,q0_t86
90,q3_t116
90,q3_t117
91,q0_t86
91,q0_t87
92,q0_t87
92,q0_t88
93,q0_t88
93,q0_t89
94,q0_t89
94,q0_t90
94,q2_t107
94,q2_t108
95,q0_t90
95,q0_t91
96,q0_t91
96,q0_t92
97,q0_t92
97,q0_t93
97,q2_t111
97,q2_t112
98,q0_t93
98,q0_t94
99,q0_t94
99,q0_t95
100,q0_t95
100,q0_t96
101,q0_t96
101,q0_t97
101,q1_t102
101,q1_t103
102,q0_t97
102,q0_t98
103,q0_t98
103,q0_t99
104,q10_t100
104,q10_t101
105,q10_t100
105,q10_t99
105,q6_t57
105,q6_t58
106,q10_t101
106,q10_t102
107,q10_t102
107,q10_t103
108,q10_t103
108,q10_t104
108,q6_t60
108,q6_t61
109,q10_t104
109,q10_t105
110,q10_t105
110,q10_t106
111,q10_t106
111,q10_t107
112,q10_t107
112,q10_t108
112,q5_t53
112,q5_t54
113,q10_t108
113,q10_t109
114,q10_t109
114,q10_t110
115,q10_t110
115,q10_t111
116,q10_t111
116,q10_t112
116,q5_t56
116,q5_t57
117,q10_t112
117,q10_t113
118,q10_t113
118,q10_t114
119,q10_t114
119,q10_t115
120,q10_t115
120,q10_t116
120,q4_t49
120,q4_t50
121,q10_t116
121,q10_t117
122,q10_t117
122,q10_t118
123,q10_t118
123,q10_t119
124,q10_t119
124,q10_t120
124,q4_t52
124,q4_t53
125,q10_t120
125,q10_t121
126,q10_t121
126,q10_t122
127,q10_t122
127,q10_t123
128,q10_t123
128,q10_t124
128,q3_t45
128,q3_t46
129,q10_t124
129,q10_t125
130,q10_t125
130,q10_t126
131,q10_t126
131,q10_t127
132,q10_t127
132,q10_t128
132,q3_t48
132,q3_t49
133,q10_t128
133,q10_t129
134,q10_t129
134,q10_t130
135,q10_t130
135,q10_t131
136,q10_t131
136,q10_t132
136,q2_t41
136,q2_t42
137,q10_t132
137,q10_t133
138,q10_t133
138,q10_t134
139,q10_t134
139,q10_t135
140,q10_t135
140,q10_t136
140,q2_t44
140,q2_t45
141,q10_t136
141,q10_t137
142,q10_t137
142,q10_t138
143,q10_t138
143,q10_t139
144,q10_t139
144,q10_t140
144,q1_t37
144,q1_t38
145,q10_t140
145,q10_t141
146,q10_t141
146,q10_t142
147,q10_t142
147,q10_t143
148,q10_t143
148,q10_t144
148,q1_t40
148,q1_t41
149,q10_t144
149,q10_t145
150,q10_t145
150,q10_t146
151,q10_t146
151,q10_t147
152,q10_t148
152,q10_t149
153,q10_t149
153,q10_t150
154,q10_t150
154,q10_t151
155,q10_t152
155,q10_t153
156,q10_t153
156,q10_t154
157,q10_t40
157,q10_t41
158,q10_t41
158,q10_t42
159,q10_t42
159,q10_t43
160,q10_t43
160,q10_t44
161,q10_t44
161,q10_t45
162,q10_t45
162,q10_t46
162,q14_t233
162,q14_t234
163,q10_t46
163,q10_t47
164,q10_t47
164,q10_t48
165,q10_t48
165,q10_t49
165,q14_t241
165,q14_t242
166,q10_t49
166,q10_t50
167,q10_t50
167,q10_t51
168,q10_t51
168,q10_t52
169,q10_t52
169,q10_t53
169,q13_t82
169,q13_t83
170,q10_t53
170,q10_t54
171,q10_t54
171,q10_t55
172,q10_t55
172,q10_t56
172,q13_t86
172,q13_t87
173,q10_t56
173,q10_t57
174,q10_t57
174,q10_t58
175,q10_t58
175,q10_t59
176,q10_t59
176,q10_t60
176,q12_t77
176,q12_t78
177,q10_t60
177,q10_t61
178,q10_t61
178,q10_t62
179,q10_t62
179,q10_t63
179,q12_t81
179,q12_t82
180,q10_t63
180,q10_t64
181,q10_t64
181,q10_t65
182,q10_t65
182,q10_t66
183,q10_t66
183,q10_t67
183,q11_t72
183,q11_t73
184,q10_t67
184,q10_t68
185,q10_t68
185,q10_t69
186,q10_t69
186,q10_t70
186,q11_t76
186,q11_t77
187,q10_t70
187,q10_t71
188,q10_t71
188,q10_t72
189,q10_t72
189,q10_t73
190,q10_t73
190,q10_t74
191,q10_t74
191,q10_t75
192,q10_t75
192,q10_t76
192,q9_t69
192,q9_t70
193,q10_t76
193,q10_t77
194,q10_t77
194,q10_t78
195,q10_t78
195,q10_t79
196,q10_t79
196,q10_t80
196,q9_t72
196,q9_t73
197,q10_t80
197,q10_t81
198,q10_t81
198,q10_t82
199,q10_t82
199,q10_t83
200,q10_t83
200,q10_t84
200,q8_t65
200,q8_t66
201,q10_t84
201,q10_t85
202,q10_t85
202,q10_t86
203,q10_t86
203,q10_t87
204,q10_t87
204,q10_t88
204,q8_t68
204,q8_t69
205,q10_t88
205,q10_t89
206,q10_t89
206,q10_t90
207,q10_t90
207,q10_t91
208,q10_t91
208,q10_t92
208,q7_t61
208,q7_t62
209,q10_t92
209,q10_t93
210,q10_t93
210,q10_t94
211,q10_t94
211,q10_t95
212,q10_t95
212,q10_t96
212,q7_t64
212,q7_t65
213,q10_t96
213,q10_t97
214,q10_t97
214,q10_t98
215,q10_t98
215,q10_t99
216,q11_t100
216,q11_t101
216,q7_t57
216,q7_t58
217,q11_t100
217,q11_t99
218,q11_t101
218,q11_t102
219,q11_t102
219,q11_t103
220,q11_t103
220,q11_t104
221,q11_t104
221,q11_t105
221,q6_t50
221,q6_t51
222,q11_t105
222,q11_t106
223,q11_t106
223,q11_t107
224,q11_t107
224,q11_t108
225,q11_t108
225,q11_t109
225,q6_t53
225,q6_t54
226,q11_t109
226,q11_t110
227,q11_t110
227,q11_t111
228,q11_t111
228,q11_t112
229,q11_t112
229,q11_t113
229,q5_t46
229,q5_t47
230,q11_t113
230,q11_t114
231,q11_t114
231,q11_t115
232,q11_t115
232,q11_t116
233,q11_t116
233,q11_t117
233,q5_t49
233,q5_t50
234,q11_t117
234,q11_t118
235,q11_t118
235,q11_t119
236,q11_t119
236,q11_t120
237,q11_t120
237,q11_t121
237,q4_t42
237,q4_t43
238,q11_t121
238,q11_t122
239,q11_t122
239,q11_t123
240,q11_t123
240,q11_t124
241,q11_t124
241,q11_t125
241,q4_t45
241,q4_t46
242,q11_t125
242,q11_t126
243,q11_t126
243,q11_t127
244,q11_t127
244,q11_t128
245,q11_t128
245,q11_t129
245,q3_t38
245,q3_t39
246,q11_t129
246,q11_t130
247,q11_t130
247,q11_t131
248,q11_t131
248,q11_t132
249,q11_t132
249,q11_t133
249,q3_t41
249,q3_t42
250,q11_t133
250,q11_t134
251,q11_t134
251,q11_t135
252,q11_t135
252,q11_t136
253,q11_t136
253,q11_t137
253,q2_t34
253,q2_t35
254,q11_t137
254,q11_t138
255,q11_t138
255,q11_t139
256,q11_t139
256,q11_t140
257,q11_t140
257,q11_t141
257,q2_t37
257,q2_t38
258,q11_t141
258,q11_t142
259,q11_t142
259,q11_t143
260,q11_t143
260,q11_t144
261,q11_t144
261,q11_t145
261,q1_t30
261,q1_t31
262,q11_t145
262,q11_t146
263,q11_t146
263,q11_t147
264,q11_t147
264,q11_t148
265,q11_t148
265,q11_t149
265,q1_t33
265,q1_t34
266,q11_t149
266,q11_t150
267,q11_t150
267,q11_t151
268,q11_t151
268,q11_t152
269,q11_t153
269,q11_t154
270,q11_t154
270,q11_t155
271,q11_t155
271,q11_t156
272,q11_t157
272,q11_t158
273,q11_t158
273,q11_t159
274,q11_t44
274,q11_t45
275,q11_t45
275,q11_t46
276,q11_t46
276,q11_t47
277,q11_t47
277,q11_t48
278,q11_t48
278,q11_t49
279,q11_t49
279,q11_t50
279,q14_t250
279,q14_t251
280,q11_t50
280,q11_t51
281,q11_t51
281,q11_t52
282,q11_t52
282,q11_t53
282,q14_t258
282,q14_t259
283,q11_t53
283,q11_t54
284,q11_t54
284,q11_t55
285,q11_t55
285,q11_t56
286,q11_t56
286,q11_t57
286,q13_t74
286,q13_t75
287,q11_t57
287,q11_t58
288,q11_t58
288,q11_t59
289,q11_t59
289,q11_t60
289,q13_t78
289,q13_t79
290,q11_t60
290,q11_t61
291,q11_t61
291,q11_t62
292,q11_t62
292,q11_t63
293,q11_t63
293,q11_t64
293,q12_t69
293,q12_t70
294,q11_t64
294,q11_t65
295,q11_t65
295,q11_t66
296,q11_t66
296,q11_t67
296,q12_t73
296,q12_t74
297,q11_t67
297,q11_t68
298,q11_t68
298,q11_t69
299,q11_t69
299,q11_t70
300,q11_t70
300,q11_t71
301,q11_t71
301,q11_t72
302,q11_t73
302,q11_t74
303,q11_t74
303,q11_t75
304,q11_t75
304,q11_t76
305,q11_t77
305,q11_t78
306,q11_t78
306,q11_t79
307,q11_t79
307,q11_t80
308,q11_t80
308,q11_t81
308,q9_t62
308,q9_t63
309,q11_t81
309,q11_t82
310,q11_t82
310,q11_t83
311,q11_t83
311,q11_t84
312,q11_t84
312,q11_t85
312,q9_t65
312,q9_t66
313,q11_t85
313,q11_t86
314,q11_t86
314,q11_t87
315,q11_t87
315,q11_t88
316,q11_t88
316,q11_t89
316,q8_t58
316,q8_t59
317,q11_t89
317,q11_t90
318,q11_t90
318,q11_t91
319,q11_t91
319,q11_t92
320,q11_t92
320,q11_t93
320,q8_t61
320,q8_t62
321,q11_t93
321,q11_t94
322,q11_t94
322,q11_t95
323,q11_t95
323,q11_t96
324,q11_t96
324,q11_t97
324,q7_t54
324,q7_t55
325,q11_t97
325,q11_t98
326,q11_t98
326,q11_t99
327,q12_t100
327,q12_t101
328,q12_t100
328,q12_t99
329,q12_t101
329,q12_t102
329,q7_t47
329,q7_t48
330,q12_t102
330,q12_t103
331,q12_t103
331,q12_t104
332,q12_t104
332,q12_t105
333,q12_t105
333,q12_t106
333,q7_t50
333,q7_t51
334,q12_t106
334,q12_t107
335,q12_t107
335,q12_t108
336,q12_t108
336,q12_t109
337,q12_t109
337,q12_t110
337,q6_t43
337,q6_t44
338,q12_t110
338,q12_t111
339,q12_t111
339,q12_t112
340,q12_t112
340,q12_t113
341,q12_t113
341,q12_t114
341,q6_t46
341,q6_t47
342,q12_t114
342,q12_t115
343,q12_t115
343,q12_t116
344,q12_t116
344,q12_t117
345,q12_t117
345,q12_t118
345,q5_t39
345,q5_t40
346,q12_t118
346,q12_t119
347,q12_t119
347,q12_t120
348,q12_t120
348,q12_t121
349,q12_t121
349,q12_t122
349,q5_t42
349,q5_t43
350,q12_t122
350,q12_t123
351,q12_t123
351,q12_t124
352,q12_t124
352,q12_t125
353,q12_t125
353,q12_t126
353,q4_t35
353,q4_t36
354,q12_t126
354,q12_t127
355,q12_t127
355,q12_t128
356,q12_t128
356,q12_t129
357,q12_t129
357,q12_t130
357,q4_t38
357,q4_t39
358,q12_t130
358,q12_t131
359,q12_t131
359,q12_t132
360,q12_t132
360,q12_t133
361,q12_t133
361,q12_t134
361,q3_t31
361,q3_t32
362,q12_t134
362,q12_t135
363,q12_t135
363,q12_t136
364,q12_t136
364,q12_t137
365,q12_t137
365,q12_t138
365,q3_t34
365,q3_t35
366,q12_t138
366,q12_t139
367,q12_t139
367,q12_t140
368,q12_t140
368,q12_t141
369,q12_t141
369,q12_t142
369,q2_t27
369,q2_t28
370,q12_t142
370,q12_t143
371,q12_t143
371,q12_t144
372,q12_t144
372,q12_t145
373,q12_t145
373,q12_t146
373,q2_t30
373,q2_t31
374,q12_t146
374,q12_t147
375,q12_t147
375,q12_t148
376,q12_t148
376,q12_t149
377,q12_t149
377,q12_t150
377,q1_t23
377,q1_t24
378,q12_t150
378,q12_t151
379,q12_t151
379,q12_t152
380,q12_t152
380,q12_t153
381,q12_t153
381,q12_t154
381,q1_t26
381,q1_t27
382,q12_t154
382,q12_t155
383,q12_t155
383,q12_t156
384,q12_t156
384,q12_t157
385,q12_t158
385,q12_t159
386,q12_t159
386,q12_t160
387,q12_t160
387,q12_t161
388,q12_t162
388,q12_t163
389,q12_t163
389,q12_t164
390,q12_t48
390,q12_t49
391,q12_t49
391,q12_t50
392,q12_t50
392,q12_t51
393,q12_t51
393,q12_t52
394,q12_t52
394,q12_t53
395,q12_t53
395,q12_t54
395,q14_t267
395,q14_t268
396,q12_t54
396,q12_t55
397,q12_t55
397,q12_t56
398,q12_t56
398,q12_t57
398,q14_t275
398,q14_t276
399,q12_t57
399,q12_t58
400,q12_t58
400,q12_t59
401,q12_t59
401,q12_t60
402,q12_t60
402,q12_t61
402,q13_t66
402,q13_t67
403,q12_t61
403,q12_t62
404,q12_t62
404,q12_t63
405,q12_t63
405,q12_t64
405,q13_t70
405,q13_t71
406,q12_t64
406,q12_t65
407,q12_t65
407,q12_t66
408,q12_t66
408,q12_t67
409,q12_t67
409,q12_t68
410,q12_t68
410,q12_t69
411,q12_t70
411,q12_t71
412,q12_t71
412,q12_t72
413,q12_t72
413,q12_t73
414,q12_t74
414,q12_t75
415,q12_t75
415,q12_t76
416,q12_t76
416,q12_t77
417,q12_t78
417,q12_t79
418,q12_t79
418,q12_t80
419,q12_t80
419,q12_t81
420,q12_t82
420,q12_t83
421,q12_t83
421,q12_t84
422,q12_t84
422,q12_t85
423,q12_t85
423,q12_t86
423,q9_t55
423,q9_t56
424,q12_t86
424,q12_t87
425,q12_t87
425,q12_t88
426,q12_t88
426,q12_t89
427,q12_t89
427,q12_t90
427,q9_t58
427,q9_t59
428,q12_t90
428,q12_t91
429,q12_t91
429,q12_t92
430,q12_t92
430,q12_t93
431,q12_t93
431,q12_t94
431,q8_t51
431,q8_t52
432,q12_t94
432,q12_t95
433,q12_t95
433,q12_t96
434,q12_t96
434,q12_t97
435,q12_t97
435,q12_t98
435,q8_t54
435,q8_t55
436,q12_t98
436,q12_t99
437,q13_t100
437,q13_t101
438,q13_t100
438,q13_t99
439,q13_t101
439,q13_t102
440,q13_t102
440,q13_t103
440,q8_t47
440,q8_t48
441,q13_t103
441,q13_t104
442,q13_t104
442,q13_t105
443,q13_t105
443,q13_t106
444,q13_t106
444,q13_t107
444,q7_t40
444,q7_t41
445,q13_t107
445,q13_t108
446,q13_t108
446,q13_t109
447,q13_t109
447,q13_t110
448,q13_t110
448,q13_t111
448,q7_t43
448,q7_t44
449,q13_t111
449,q13_t112
450,q13_t112
450,q13_t113
451,q13_t113
451,q13_t114
452,q13_t114
452,q13_t115
452,q6_t36
452,q6_t37
453,q13_t115
453,q13_t116
454,q13_t116
454,q13_t117
455,q13_t117
455,q13_t118
456,q13_t118
456,q13_t119
456,q6_t39
456,q6_t40
457,q13_t119
457,q13_t120
458,q13_t120
458,q13_t121
459,q13_t121
459,q13_t122
460,q13_t122
460,q13_t123
460,q5_t32
460,q5_t33
461,q13_t123
461,q13_t124
462,q13_t124
462,q13_t125
463,q13_t125
463,q13_t126
464,q13_t126
464,q13_t127
464,q5_t35
464,q5_t36
465,q13_t127
465,q13_t128
466,q13_t128
466,q13_t129
467,q13_t129
467,q13_t130
468,q13_t130
468,q13_t131
468,q4_t28
468,q4_t29
469,q13_t131
469,q13_t132
470,q13_t132
470,q13_t133
471,q13_t133
471,q13_t134
472,q13_t134
472,q13_t135
472,q4_t31
472,q4_t32
473,q13_t135
473,q13_t136
474,q13_t136
474,q13_t137
475,q13_t137
475,q13_t138
476,q13_t138
476,q13_t139
476,q3_t24
476,q3_t25
477,q13_t139
477,q13_t140
478,q13_t140
478,q13_t141
479,q13_t141
479,q13_t142
480,q13_t142
480,q13_t143
480,q3_t27
480,q3_t28
481,q13_t143
481,q13_t144
482,q13_t144
482,q13_t145
483,q13_t145
483,q13_t146
484,q13_t146
484,q13_t147
484,q2_t20
484,q2_t21
485,q13_t147
485,q13_t148
486,q13_t148
486,q13_t149
487,q13_t149
487,q13_t150
488,q13_t150
488,q13_t151
488,q2_t23
488,q2_t24
489,q13_t151
489,q13_t152
490,q13_t152
490,q13_t153
491,q13_t153
491,q13_t154
492,q13_t154
492,q13_t155
492,q1_t16
492,q1_t17
493,q13_t155
493,q13_t156
494,q13_t156
494,q13_t157
495,q13_t157
495,q13_t158
496,q13_t158
496,q13_t159
496,q1_t19
496,q1_t20
497,q13_t159
497,q13_t160
498,q13_t160
498,q13_t161
499,q13_t161
499,q13_t162
500,q13_t163
500,q13_t164
501,q13_t164
501,q13_t165
502,q13_t165
502,q13_t166
503,q13_t167
503,q13_t168
504,q13_t168
504,q13_t169
505,q13_t52
505,q13_t53
506,q13_t53
506,q13_t54
507,q13_t54
507,q13_t55
508,q13_t55
508,q13_t56
509,q13_t56
509,q13_t57
510,q13_t57
510,q13_t58
510,q14_t284
510,q14_t285
511,q13_t58
511,q13_t59
512,q13_t59
512,q13_t60
513,q13_t60
513,q13_t61
513,q14_t292
513,q14_t293
514,q13_t61
514,q13_t62
515,q13_t62
515,q13_t63
516,q13_t63
516,q13_t64
517,q13_t64
517,q13_t65
518,q13_t65
518,q13_t66
519,q13_t67
519,q13_t68
520,q13_t68
520,q13_t69
521,q13_t69
521,q13_t70
522,q13_t71
522,q13_t72
523,q13_t72
523,q13_t73
524,q13_t73
524,q13_t74
525,q13_t75
525,q13_t76
526,q13_t76
526,q13_t77
527,q13_t77
527,q13_t78
528,q13_t79
528,q13_t80
529,q13_t80
529,q13_t81
530,q13_t81
530,q13_t82
531,q13_t83
531,q13_t84
532,q13_t84
532,q13_t85
533,q13_t85
533,q13_t86
534,q13_t87
534,q13_t88
535,q13_t88
535,q13_t89
536,q13_t89
536,q13_t90
537,q13_t90
537,q13_t91
537,q9_t48
537,q9_t49
538,q13_t91
538,q13_t92
539,q13_t92
539,q13_t93
540,q13_t93
540,q13_t94
541,q13_t94
541,q13_t95
541,q9_t51
541,q9_t52
542,q13_t95
542,q13_t96
543,q13_t96
543,q13_t97
544,q13_t97
544,q13_t98
545,q13_t98
545,q13_t99
545,q8_t44
545,q8_t45
546,q14_t100
546,q14_t101
547,q14_t100
547,q14_t99
548,q14_t101
548,q14_t102
549,q14_t102
549,q14_t103
550,q14_t103
550,q14_t104
551,q14_t104
551,q14_t105
552,q14_t105
552,q14_t106
552,q2_t16
552,q2_t17
553,q14_t106
553,q14_t107
554,q14_t107
554,q14_t108
555,q14_t108
555,q14_t109
556,q14_t109
556,q14_t110
557,q14_t110
557,q14_t111
558,q14_t111
558,q14_t112
559,q14_t112
559,q14_t113
560,q14_t113
560,q14_t114
561,q14_t114
561,q14_t115
561,q3_t17
561,q3_t18
562,q14_t115
562,q14_t116
563,q14_t116
563,q14_t117
564,q14_t117
564,q14_t118
565,q14_t118
565,q14_t119
566,q14_t119
566,q14_t120
567,q14_t120
567,q14_t121
568,q14_t121
568,q14_t122
569,q14_t122
569,q14_t123
569,q3_t20
569,q3_t21
570,q14_t123
570,q14_t124
571,q14_t124
571,q14_t125
572,q14_t125
572,q14_t126
573,q14_t126
573,q14_t127
574,q14_t127
574,q14_t128
575,q14_t128
575,q14_t129
576,q14_t129
576,q14_t130
577,q14_t130
577,q14_t131
578,q14_t131
578,q14_t132
578,q4_t21
578,q4_t22
579,q14_t132
579,q14_t133
580,q14_t133
580,q14_t134
581,q14_t134
581,q14_t135
582,q14_t135
582,q14_t136
583,q14_t136
583,q14_t137
584,q14_t137
584,q14_t138
585,q14_t138
585,q14_t139
586,q14_t139
586,q14_t140
586,q4_t24
586,q4_t25
587,q14_t140
587,q14_t141
588,q14_t141
588,q14_t142
589,q14_t142
589,q14_t143
590,q14_t143
590,q14_t144
591,q14_t144
591,q14_t145
592,q14_t145
592,q14_t146
593,q14_t146
593,q14_t147
594,q14_t147
594,q14_t148
595,q14_t148
595,q14_t149
595,q5_t25
595,q5_t26
596,q14_t149
596,q14_t150
597,q14_t150
597,q14_t151
598,q14_t151
598,q14_t152
599,q14_t152
599,q14_t153
600,q14_t153
600,q14_t154
601,q14_t154
601,q14_t155
602,q14_t155
602,q14_t156
603,q14_t156
603,q14_t157
603,q5_t28
603,q5_t29
604,q14_t157
604,q14_t158
605,q14_t158
605,q14_t159
606,q14_t159
606,q14_t160
607,q14_t160
607,q14_t161
608,q14_t161
608,q14_t162
609,q14_t162
609,q14_t163
610,q14_t163
610,q14_t164
611,q14_t164
611,q14_t165
612,q14_t165
612,q14_t166
612,q6_t29
612,q6_t30
613,q14_t166
613,q14_t167
614,q14_t167
614,q14_t168
615,q14_t168
615,q14_t169
616,q14_t169
616,q14_t170
617,q14_t170
617,q14_t171
618,q14_t171
618,q14_t172
619,q14_t172
619,q14_t173
620,q14_t173
620,q14_t174
620,q6_t32
620,q6_t33
621,q14_t174
621,q14_t175
622,q14_t175
622,q14_t176
623,q14_t176
623,q14_t177
624,q14_t177
624,q14_t178
625,q14_t178
625,q14_t179
626,q14_t179
626,q14_t180
627,q14_t180
627,q14_t181
628,q14_t181
628,q14_t182
629,q14_t182
629,q14_t183
629,q7_t33
629,q7_t34
630,q14_t183
630,q14_t184
631,q14_t184
631,q14_t185
632,q14_t185
632,q14_t186
633,q14_t186
633,q14_t187
634,q14_t187
634,q14_t188
635,q14_t188
635,q14_t189
636,q14_t189
636,q14_t190
637,q14_t190
637,q14_t191
637,q7_t36
637,q7_t37
638,q14_t191
638,q14_t192
639,q14_t192
639,q14_t193
640,q14_t193
640,q14_t194
641,q14_t194
641,q14_t195
642,q14_t195
642,q14_t196
643,q14_t196
643,q14_t197
644,q14_t197
644,q14_t198
645,q14_t198
645,q14_t199
646,q14_t199
646,q14_t200
646,q8_t37
646,q8_t38
647,q14_t200
647,q14_t201
648,q14_t201
648,q14_t202
649,q14_t202
649,q14_t203
650,q14_t203
650,q14_t204
651,q14_t204
651,q14_t205
652,q14_t205
652,q14_t206
653,q14_t206
653,q14_t207
654,q14_t207
654,q14_t208
654,q8_t40
654,q8_t41
655,q14_t208
655,q14_t209
656,q14_t209
656,q14_t210
657,q14_t210
657,q14_t211
658,q14_t211
658,q14_t212
659,q14_t212
659,q14_t213
660,q14_t213
660,q14_t214
661,q14_t214
661,q14_t215
662,q14_t215
662,q14_t216
663,q14_t216
663,q14_t217
663,q9_t41
663,q9_t42
664,q14_t217
664,q14_t218
665,q14_t218
665,q14_t219
666,q14_t219
666,q14_t220
667,q14_t220
667,q14_t221
668,q14_t221
668,q14_t222
669,q14_t222
669,q14_t223
670,q14_t223
670,q14_t224
671,q14_t224
671,q14_t225
671,q9_t44
671,q9_t45
672,q14_t225
672,q14_t226
673,q14_t226
673,q14_t227
674,q14_t227
674,q14_t228
675,q14_t228
675,q14_t229
676,q14_t229
676,q14_t230
677,q14_t230
677,q14_t231
678,q14_t231
678,q14_t232
679,q14_t232
679,q14_t233
680,q14_t234
680,q14_t235
681,q14_t235
681,q14_t236
682,q14_t236
682,q14_t237
683,q14_t237
683,q14_t238
684,q14_t238
684,q14_t239
685,q14_t239
685,q14_t240
686,q14_t240
686,q14_t241
687,q14_t242
687,q14_t243
688,q14_t243
688,q14_t244
689,q14_t244
689,q14_t245
690,q14_t245
690,q14_t246
691,q14_t246
691,q14_t247
692,q14_t247
692,q14_t248
693,q14_t248
693,q14_t249
694,q14_t249
694,q14_t250
695,q14_t251
695,q14_t252
696,q14_t252
696,q14_t253
697,q14_t253
697,q14_t254
698,q14_t254
698,q14_t255
699,q14_t255
699,q14_t256
700,q14_t256
700,q14_t257
701,q14_t257
701,q14_t258
702,q14_t259
702,q14_t260
703,q14_t260
703,q14_t261
704,q14_t261
704,q14_t262
705,q14_t262
705,q14_t263
706,q14_t263
706,q14_t264
707,q14_t264
707,q14_t265
708,q14_t265
708,q14_t266
709,q14_t266
709,q14_t267
710,q14_t268
710,q14_t269
711,q14_t269
711,q14_t270
712,q14_t270
712,q14_t271
713,q14_t271
713,q14_t272
714,q14_t272
714,q14_t273
715,q14_t273
715,q14_t274
716,q14_t274
716,q14_t275
717,q14_t276
717,q14_t277
718,q14_t277
718,q14_t278
719,q14_t278
719,q14_t279
720,q14_t279
720,q14_t280
721,q14_t280
721,q14_t281
722,q14_t281
722,q14_t282
723,q14_t282
723,q14_t283
724,q14_t283
724,q14_t284
725,q14_t285
725,q14_t286
726,q14_t286
726,q14_t287
727,q14_t287
727,q14_t288
728,q14_t288
728,q14_t289
729,q14_t289
729,q14_t290
730,q14_t290
730,q14_t291
731,q14_t291
731,q14_t292
732,q14_t293
732,q14_t294
733,q14_t294
733,q14_t295
734,q14_t295
734,q14_t296
735,q14_t296
735,q14_t297
736,q14_t297
736,q14_t298
737,q14_t298
737,q14_t299
738,q14_t56
738,q14_t57
739,q14_t57
739,q14_t58
740,q14_t58
740,q14_t59
741,q14_t59
741,q14_t60
742,q14_t60
742,q14_t61
743,q14_t61
743,q14_t62
744,q14_t62
744,q14_t63
745,q14_t64
745,q14_t65
746,q14_t65
746,q14_t66
747,q14_t66
747,q14_t67
748,q14_t67
748,q14_t68
749,q14_t68
749,q14_t69
750,q14_t69
750,q14_t70
751,q14_t70
751,q14_t71
752,q14_t72
752,q14_t73
753,q14_t73
753,q14_t74
754,q14_t74
754,q14_t75
755,q14_t75
755,q14_t76
756,q14_t76
756,q14_t77
757,q14_t77
757,q14_t78
758,q14_t78
758,q14_t79
759,q14_t79
759,q14_t80
760,q14_t80
760,q14_t81
760,q1_t10
760,q1_t9
761,q14_t81
761,q14_t82
762,q14_t82
762,q14_t83
763,q14_t83
763,q14_t84
764,q14_t84
764,q14_t85
765,q14_t85
765,q14_t86
766,q14_t86
766,q14_t87
767,q14_t87
767,q14_t88
768,q14_t88
768,q14_t89
768,q1_t12
768,q1_t13
769,q14_t89
769,q14_t90
770,q14_t90
770,q14_t91
771,q14_t91
771,q14_t92
772,q14_t92
772,q14_t93
773,q14_t93
773,q14_t94
774,q14_t94
774,q14_t95
775,q14_t95
775,q14_t96
776,q14_t96
776,q14_t97
777,q14_t97
777,q14_t98
777,q2_t13
777,q2_t14
778,q14_t98
778,q14_t99
779,q1_t10
779,q1_t11
780,q1_t100
780,q1_t101
781,q1_t100
781,q1_t99
782,q1_t101
782,q1_t102
783,q1_t103
783,q1_t104
784,q1_t104
784,q1_t105
785,q1_t105
785,q1_t106
786,q1_t107
786,q1_t108
787,q1_t108
787,q1_t109
788,q1_t11
788,q1_t12
789,q1_t13
789,q1_t14
790,q1_t14
790,q1_t15
791,q1_t15
791,q1_t16
792,q1_t17
792,q1_t18
793,q1_t18
793,q1_t19
794,q1_t20
794,q1_t21
795,q1_t21
795,q1_t22
796,q1_t22
796,q1_t23
797,q1_t24
797,q1_t25
798,q1_t25
798,q1_t26
799,q1_t27
799,q1_t28
800,q1_t28
800,q1_t29
801,q1_t29
801,q1_t30
802,q1_t31
802,q1_t32
803,q1_t32
803,q1_t33
804,q1_t34
804,q1_t35
805,q1_t35
805,q1_t36
806,q1_t36
806,q1_t37
807,q1_t38
807,q1_t39
808,q1_t39
808,q1_t40
809,q1_t4
809,q1_t5
810,q1_t41
810,q1_t42
811,q1_t42
811,q1_t43
812,q1_t43
812,q1_t44
813,q1_t44
813,q1_t45
813,q9_t134
813,q9_t135
814,q1_t45
814,q1_t46
815,q1_t46
815,q1_t47
816,q1_t47
816,q1_t48
816,q9_t138
816,q9_t139
817,q1_t48
817,q1_t49
818,q1_t49
818,q1_t50
819,q1_t5
819,q1_t6
820,q1_t50
820,q1_t51
821,q1_t51
821,q1_t52
821,q8_t129
821,q8_t130
822,q1_t52
822,q1_t53
823,q1_t53
823,q1_t54
824,q1_t54
824,q1_t55
824,q8_t133
824,q8_t134
825,q1_t55
825,q1_t56
826,q1_t56
826,q1_t57
827,q1_t57
827,q1_t58
828,q1_t58
828,q1_t59
828,q7_t124
828,q7_t125
829,q1_t59
829,q1_t60
830,q1_t6
830,q1_t7
831,q1_t60
831,q1_t61
832,q1_t61
832,q1_t62
832,q7_t128
832,q7_t129
833,q1_t62
833,q1_t63
834,q1_t63
834,q1_t64
835,q1_t64
835,q1_t65
836,q1_t65
836,q1_t66
836,q6_t119
836,q6_t120
837,q1_t66
837,q1_t67
838,q1_t67
838,q1_t68
839,q1_t68
839,q1_t69
839,q6_t123
839,q6_t124
840,q1_t69
840,q1_t70
841,q1_t7
841,q1_t8
842,q1_t70
842,q1_t71
843,q1_t71
843,q1_t72
844,q1_t72
844,q1_t73
844,q5_t114
844,q5_t115
845,q1_t73
845,q1_t74
846,q1_t74
846,q1_t75
847,q1_t75
847,q1_t76
847,q5_t118
847,q5_t119
848,q1_t76
848,q1_t77
849,q1_t77
849,q1_t78
850,q1_t78
850,q1_t79
851,q1_t79
851,q1_t80
851,q4_t109
851,q4_t110
852,q1_t8
852,q1_t9
853,q1_t80
853,q1_t81
854,q1_t81
854,q1_t82
855,q1_t82
855,q1_t83
855,q4_t113
855,q4_t114
856,q1_t83
856,q1_t84
857,q1_t84
857,q1_t85
858,q1_t85
858,q1_t86
859,q1_t86
859,q1_t87
859,q3_t104
859,q3_t105
860,q1_t87
860,q1_t88
861,q1_t88
861,q1_t89
862,q1_t89
862,q1_t90
862,q3_t108
862,q3_t109
863,q1_t90
863,q1_t91
864,q1_t91
864,q1_t92
865,q1_t92
865,q1_t93
866,q1_t93
866,q1_t94
866,q2_t100
866,q2_t99
867,q1_t94
867,q1_t95
868,q1_t95
868,q1_t96
869,q1_t96
869,q1_t97
869,q2_t103
869,q2_t104
870,q1_t97
870,q1_t98
871,q1_t98
871,q1_t99
872,q2_t10
872,q2_t11
873,q2_t10
873,q2_t9
874,q2_t100
874,q2_t101
875,q2_t101
875,q2_t102
876,q2_t102
876,q2_t103
877,q2_t104
877,q2_t105
878,q2_t105
878,q2_t106
879,q2_t106
879,q2_t107
880,q2_t108
880,q2_t109
881,q2_t109
881,q2_t110
882,q2_t11
882,q2_t12
883,q2_t110
883,q2_t111
884,q2_t112
884,q2_t113
885,q2_t113
885,q2_t114
886,q2_t12
886,q2_t13
887,q2_t14
887,q2_t15
888,q2_t15
888,q2_t16
889,q2_t17
889,q2_t18
890,q2_t18
890,q2_t19
891,q2_t19
891,q2_t20
892,q2_t21
892,q2_t22
893,q2_t22
893,q2_t23
894,q2_t24
894,q2_t25
895,q2_t25
895,q2_t26
896,q2_t26
896,q2_t27
897,q2_t28
897,q2_t29
898,q2_t29
898,q2_t30
899,q2_t31
899,q2_t32
900,q2_t32
900,q2_t33
901,q2_t33
901,q2_t34
902,q2_t35
902,q2_t36
903,q2_t36
903,q2_t37
904,q2_t38
904,q2_t39
905,q2_t39
905,q2_t40
906,q2_t40
906,q2_t41
907,q2_t42
907,q2_t43
908,q2_t43
908,q2_t44
909,q2_t45
909,q2_t46
910,q2_t46
910,q2_t47
911,q2_t47
911,q2_t48
912,q2_t48
912,q2_t49
912,q9_t126
912,q9_t127
913,q2_t49
913,q2_t50
914,q2_t50
914,q2_t51
915,q2_t51
915,q2_t52
915,q9_t130
915,q9_t131
916,q2_t52
916,q2_t53
917,q2_t53
917,q2_t54
918,q2_t54
918,q2_t55
919,q2_t55
919,q2_t56
919,q8_t121
919,q8_t122
920,q2_t56
920,q2_t57
921,q2_t57
921,q2_t58
922,q2_t58
922,q2_t59
922,q8_t125
922,q8_t126
923,q2_t59
923,q2_t60
924,q2_t60
924,q2_t61
925,q2_t61
925,q2_t62
926,q2_t62
926,q2_t63
926,q7_t116
926,q7_t117
927,q2_t63
927,q2_t64
928,q2_t64
928,q2_t65
929,q2_t65
929,q2_t66
929,q7_t120
929,q7_t121
930,q2_t66
930,q2_t67
931,q2_t67
931,q2_t68
932,q2_t68
932,q2_t69
933,q2_t69
933,q2_t70
933,q6_t111
933,q6_t112
934,q2_t70
934,q2_t71
935,q2_t71
935,q2_t72
936,q2_t72
936,q2_t73
936,q6_t115
936,q6_t116
937,q2_t73
937,q2_t74
938,q2_t74
938,q2_t75
939,q2_t75
939,q2_t76
940,q2_t76
940,q2_t77
940,q5_t106
940,q5_t107
941,q2_t77
941,q2_t78
942,q2_t78
942,q2_t79
943,q2_t79
943,q2_t80
943,q5_t110
943,q5_t111
944,q2_t8
944,q2_t9
945,q2_t80
945,q2_t81
946,q2_t81
946,q2_t82
947,q2_t82
947,q2_t83
948,q2_t83
948,q2_t84
948,q4_t101
948,q4_t102
949,q2_t84
949,q2_t85
950,q2_t85
950,q2_t86
951,q2_t86
951,q2_t87
951,q4_t105
951,q4_t106
952,q2_t87
952,q2_t88
953,q2_t88
953,q2_t89
954,q2_t89
954,q2_t90
955,q2_t90
955,q2_t91
955,q3_t96
955,q3_t97
956,q2_t91
956,q2_t92
957,q2_t92
957,q2_t93
958,q2_t93
958,q2_t94
958,q3_t100
958,q3_t101
959,q2_t94
959,q2_t95
960,q2_t95
960,q2_t96
961,q2_t96
961,q2_t97
962,q2_t97
962,q2_t98
963,q2_t98
963,q2_t99
964,q3_t100
964,q3_t99
965,q3_t101
965,q3_t102
966,q3_t102
966,q3_t103
967,q3_t103
967,q3_t104
968,q3_t105
968,q3_t106
969,q3_t106
969,q3_t107
970,q3_t107
970,q3_t108
971,q3_t109
971,q3_t110
972,q3_t110
972,q3_t111
973,q3_t111
973,q3_t112
974,q3_t113
974,q3_t114
975,q3_t114
975,q3_t115
976,q3_t115
976,q3_t116
977,q3_t117
977,q3_t118
978,q3_t118
978,q3_t119
979,q3_t12
979,q3_t13
980,q3_t13
980,q3_t14
981,q3_t14
981,q3_t15
982,q3_t15
982,q3_t16
983,q3_t16
983,q3_t17
984,q3_t18
984,q3_t19
985,q3_t19
985,q3_t20
986,q3_t21
986,q3_t22
987,q3_t22
987,q3_t23
988,q3_t23
988,q3_t24
989,q3_t25
989,q3_t26
990,q3_t26
990,q3_t27
991,q3_t28
991,q3_t29
992,q3_t29
992,q3_t30
993,q3_t30
993,q3_t31
994,q3_t32
994,q3_t33
995,q3_t33
995,q3_t34
996,q3_t35
996,q3_t36
997,q3_t36
997,q3_t37
998,q3_t37
998,q3_t38
999,q3_t39
999,q3_t40
1000,q3_t40
1000,q3_t41
1001,q3_t42
1001,q3_t43
1002,q3_t43
1002,q3_t44
1003,q3_t44
1003,q3_t45
1004,q3_t46
1004,q3_t47
1005,q3_t47
1005,q3_t48
1006,q3_t49
1006,q3_t50
1007,q3_t50
1007,q3_t51
1008,q3_t51
1008,q3_t52
1009,q3_t52
1009,q3_t53
1009,q9_t118
1009,q9_t119
1010,q3_t53
1010,q3_t54
1011,q3_t54
1011,q3_t55
1012,q3_t55
1012,q3_t56
1012,q9_t122
1012,q9_t123
1013,q3_t56
1013,q3_t57
1014,q3_t57
1014,q3_t58
1015,q3_t58
1015,q3_t59
1016,q3_t59
1016,q3_t60
1016,q8_t113
1016,q8_t114
1017,q3_t60
1017,q3_t61
1018,q3_t61
1018,q3_t62
1019,q3_t62
1019,q3_t63
1019,q8_t117
1019,q8_t118
1020,q3_t63
1020,q3_t64
1021,q3_t64
1021,q3_t65
1022,q3_t65
1022,q3_t66
1023,q3_t66
1023,q3_t67
1023,q7_t108
1023,q7_t109
1024,q3_t67
1024,q3_t68
1025,q3_t68
1025,q3_t69
1026,q3_t69
1026,q3_t70
1026,q7_t112
1026,q7_t113
1027,q3_t70
1027,q3_t71
1028,q3_t71
1028,q3_t72
1029,q3_t72
1029,q3_t73
1030,q3_t73
1030,q3_t74
1030,q6_t103
1030,q6_t104
1031,q3_t74
1031,q3_t75
1032,q3_t75
1032,q3_t76
1033,q3_t76
1033,q3_t77
1033,q6_t107
1033,q6_t108
1034,q3_t77
1034,q3_t78
1035,q3_t78
1035,q3_t79
1036,q3_t79
1036,q3_t80
1037,q3_t80
1037,q3_t81
1037,q5_t98
1037,q5_t99
1038,q3_t81
1038,q3_t82
1039,q3_t82
1039,q3_t83
1040,q3_t83
1040,q3_t84
1040,q5_t102
1040,q5_t103
1041,q3_t84
1041,q3_t85
1042,q3_t85
1042,q3_t86
1043,q3_t86
1043,q3_t87
1044,q3_t87
1044,q3_t88
1044,q4_t93
1044,q4_t94
1045,q3_t88
1045,q3_t89
1046,q3_t89
1046,q3_t90
1047,q3_t90
1047,q3_t91
1047,q4_t97
1047,q4_t98
1048,q3_t91
1048,q3_t92
1049,q3_t92
1049,q3_t93
1050,q3_t93
1050,q3_t94
1051,q3_t94
1051,q3_t95
1052,q3_t95
1052,q3_t96
1053,q3_t97
1053,q3_t98
1054,q3_t98
1054,q3_t99
1055,q4_t100
1055,q4_t101
1056,q4_t100
1056,q4_t99
1057,q4_t102
1057,q4_t103
1058,q4_t103
1058,q4_t104
1059,q4_t104
1059,q4_t105
1060,q4_t106
1060,q4_t107
1061,q4_t107
1061,q4_t108
1062,q4_t108
1062,q4_t109
1063,q4_t110
1063,q4_t111
1064,q4_t111
1064,q4_t112
1065,q4_t112
1065,q4_t113
1066,q4_t114
1066,q4_t115
1067,q4_t115
1067,q4_t116
1068,q4_t116
1068,q4_t117
1069,q4_t118
1069,q4_t119
1070,q4_t119
1070,q4_t120
1071,q4_t120
1071,q4_t121
1072,q4_t122
1072,q4_t123
1073,q4_t123
1073,q4_t124
1074,q4_t16
1074,q4_t17
1075,q4_t17
1075,q4_t18
1076,q4_t18
1076,q4_t19
1077,q4_t19
1077,q4_t20
1078,q4_t20
1078,q4_t21
1079,q4_t22
1079,q4_t23
1080,q4_t23
1080,q4_t24
1081,q4_t25
1081,q4_t26
1082,q4_t26
1082,q4_t27
1083,q4_t27
1083,q4_t28
1084,q4_t29
1084,q4_t30
1085,q4_t30
1085,q4_t31
1086,q4_t32
1086,q4_t33
1087,q4_t33
1087,q4_t34
1088,q4_t34
1088,q4_t35
1089,q4_t36
1089,q4_t37
1090,q4_t37
1090,q4_t38
1091,q4_t39
1091,q4_t40
1092,q4_t40
1092,q4_t41
1093,q4_t41
1093,q4_t42
1094,q4_t43
1094,q4_t44
1095,q4_t44
1095,q4_t45
1096,q4_t46
1096,q4_t47
1097,q4_t47
1097,q4_t48
1098,q4_t48
1098,q4_t49
1099,q4_t50
1099,q4_t51
1100,q4_t51
1100,q4_t52
1101,q4_t53
1101,q4_t54
1102,q4_t54
1102,q4_t55
1103,q4_t55
1103,q4_t56
1104,q4_t56
1104,q4_t57
1104,q9_t110
1104,q9_t111
1105,q4_t57
1105,q4_t58
1106,q4_t58
1106,q4_t59
1107,q4_t59
1107,q4_t60
1107,q9_t114
1107,q9_t115
1108,q4_t60
1108,q4_t61
1109,q4_t61
1109,q4_t62
1110,q4_t62
1110,q4_t63
1111,q4_t63
1111,q4_t64
1111,q8_t105
1111,q8_t106
1112,q4_t64
1112,q4_t65
1113,q4_t65
1113,q4_t66
1114,q4_t66
1114,q4_t67
1114,q8_t109
1114,q8_t110
1115,q4_t67
1115,q4_t68
1116,q4_t68
1116,q4_t69
1117,q4_t69
1117,q4_t70
1118,q4_t70
1118,q4_t71
1118,q7_t100
1118,q7_t101
1119,q4_t71
1119,q4_t72
1120,q4_t72
1120,q4_t73
1121,q4_t73
1121,q4_t74
1121,q7_t104
1121,q7_t105
1122,q4_t74
1122,q4_t75
1123,q4_t75
1123,q4_t76
1124,q4_t76
1124,q4_t77
1125,q4_t77
1125,q4_t78
1125,q6_t95
1125,q6_t96
1126,q4_t78
1126,q4_t79
1127,q4_t79
1127,q4_t80
1128,q4_t80
1128,q4_t81
1128,q6_t100
1128,q6_t99
1129,q4_t81
1129,q4_t82
1130,q4_t82
1130,q4_t83
1131,q4_t83
1131,q4_t84
1132,q4_t84
1132,q4_t85
1132,q5_t90
1132,q5_t91
1133,q4_t85
1133,q4_t86
1134,q4_t86
1134,q4_t87
1135,q4_t87
1135,q4_t88
1135,q5_t94
1135,q5_t95
1136,q4_t88
1136,q4_t89
1137,q4_t89
1137,q4_t90
1138,q4_t90
1138,q4_t91
1139,q4_t91
1139,q4_t92
1140,q4_t92
1140,q4_t93
1141,q4_t94
1141,q4_t95
1142,q4_t95
1142,q4_t96
1143,q4_t96
1143,q4_t97
1144,q4_t98
1144,q4_t99
1145,q5_t100
1145,q5_t101
1146,q5_t100
1146,q5_t99
1147,q5_t101
1147,q5_t102
1148,q5_t103
1148,q5_t104
1149,q5_t104
1149,q5_t105
1150,q5_t105
1150,q5_t106
1151,q5_t107
1151,q5_t108
1152,q5_t108
1152,q5_t109
1153,q5_t109
1153,q5_t110
1154,q5_t111
1154,q5_t112
1155,q5_t112
1155,q5_t113
1156,q5_t113
1156,q5_t114
1157,q5_t115
1157,q5_t116
1158,q5_t116
1158,q5_t117
1159,q5_t117
1159,q5_t118
1160,q5_t119
1160,q5_t120
1161,q5_t120
1161,q5_t121
1162,q5_t121
1162,q5_t122
1163,q5_t123
1163,q5_t124
1164,q5_t124
1164,q5_t125
1165,q5_t125
1165,q5_t126
1166,q5_t127
1166,q5_t128
1167,q5_t128
1167,q5_t129
1168,q5_t20
1168,q5_t21
1169,q5_t21
1169,q5_t22
1170,q5_t22
1170,q5_t23
1171,q5_t23
1171,q5_t24
1172,q5_t24
1172,q5_t25
1173,q5_t26
1173,q5_t27
1174,q5_t27
1174,q5_t28
1175,q5_t29
1175,q5_t30
1176,q5_t30
1176,q5_t31
1177,q5_t31
1177,q5_t32
1178,q5_t33
1178,q5_t34
1179,q5_t34
1179,q5_t35
1180,q5_t36
1180,q5_t37
1181,q5_t37
1181,q5_t38
1182,q5_t38
1182,q5_t39
1183,q5_t40
1183,q5_t41
1184,q5_t41
1184,q5_t42
1185,q5_t43
1185,q5_t44
1186,q5_t44
1186,q5_t45
1187,q5_t45
1187,q5_t46
1188,q5_t47
1188,q5_t48
1189,q5_t48
1189,q5_t49
1190,q5_t50
1190,q5_t51
1191,q5_t51
1191,q5_t52
1192,q5_t52
1192,q5_t53
1193,q5_t54
1193,q5_t55
1194,q5_t55
1194,q5_t56
1195,q5_t57
1195,q5_t58
1196,q5_t58
1196,q5_t59
1197,q5_t59
1197,q5_t60
1198,q5_t60
1198,q5_t61
1198,q9_t102
1198,q9_t103
1199,q5_t61
1199,q5_t62
1200,q5_t62
1200,q5_t63
1201,q5_t63
1201,q5_t64
1201,q9_t106
1201,q9_t107
1202,q5_t64
1202,q5_t65
1203,q5_t65
1203,q5_t66
1204,q5_t66
1204,q5_t67
1205,q5_t67
1205,q5_t68
1205,q8_t97
1205,q8_t98
1206,q5_t68
1206,q5_t69
1207,q5_t69
1207,q5_t70
1208,q5_t70
1208,q5_t71
1208,q8_t101
1208,q8_t102
1209,q5_t71
1209,q5_t72
1210,q5_t72
1210,q5_t73
1211,q5_t73
1211,q5_t74
1212,q5_t74
1212,q5_t75
1212,q7_t92
1212,q7_t93
1213,q5_t75
1213,q5_t76
1214,q5_t76
1214,q5_t77
1215,q5_t77
1215,q5_t78
1215,q7_t96
1215,q7_t97
1216,q5_t78
1216,q5_t79
1217,q5_t79
1217,q5_t80
1218,q5_t80
1218,q5_t81
1219,q5_t81
1219,q5_t82
1219,q6_t87
1219,q6_t88
1220,q5_t82
1220,q5_t83
1221,q5_t83
1221,q5_t84
1222,q5_t84
1222,q5_t85
1222,q6_t91
1222,q6_t92
1223,q5_t85
1223,q5_t86
1224,q5_t86
1224,q5_t87
1225,q5_t87
1225,q5_t88
1226,q5_t88
1226,q5_t89
1227,q5_t89
1227,q5_t90
1228,q5_t91
1228,q5_t92
1229,q5_t92
1229,q5_t93
1230,q5_t93
1230,q5_t94
1231,q5_t95
1231,q5_t96
1232,q5_t96
1232,q5_t97
1233,q5_t97
1233,q5_t98
1234,q6_t100
1234,q6_t101
1235,q6_t101
1235,q6_t102
1236,q6_t102
1236,q6_t103
1237,q6_t104
1237,q6_t105
1238,q6_t105
1238,q6_t106
1239,q6_t106
1239,q6_t107
1240,q6_t108
1240,q6_t109
1241,q6_t109
1241,q6_t110
1242,q6_t110
1242,q6_t111
1243,q6_t112
1243,q6_t113
1244,q6_t113
1244,q6_t114
1245,q6_t114
1245,q6_t115
1246,q6_t116
1246,q6_t117
1247,q6_t117
1247,q6_t118
1248,q6_t118
1248,q6_t119
1249,q6_t120
1249,q6_t121
1250,q6_t121
1250,q6_t122
1251,q6_t122
1251,q6_t123
1252,q6_t124
1252,q6_t125
1253,q6_t125
1253,q6_t126
1254,q6_t126
1254,q6_t127
1255,q6_t128
1255,q6_t129
1256,q6_t129
1256,q6_t130
1257,q6_t130
1257,q6_t131
1258,q6_t132
1258,q6_t133
1259,q6_t133
1259,q6_t134
1260,q6_t24
1260,q6_t25
1261,q6_t25
1261,q6_t26
1262,q6_t26
1262,q6_t27
1263,q6_t27
1263,q6_t28
1264,q6_t28
1264,q6_t29
1265,q6_t30
1265,q6_t31
1266,q6_t31
1266,q6_t32
1267,q6_t33
1267,q6_t34
1268,q6_t34
1268,q6_t35
1269,q6_t35
1269,q6_t36
1270,q6_t37
1270,q6_t38
1271,q6_t38
1271,q6_t39
1272,q6_t40
1272,q6_t41
1273,q6_t41
1273,q6_t42
1274,q6_t42
1274,q6_t43
1275,q6_t44
1275,q6_t45
1276,q6_t45
1276,q6_t46
1277,q6_t47
1277,q6_t48
1278,q6_t48
1278,q6_t49
1279,q6_t49
1279,q6_t50
1280,q6_t51
1280,q6_t52
1281,q6_t52
1281,q6_t53
1282,q6_t54
1282,q6_t55
1283,q6_t55
1283,q6_t56
1284,q6_t56
1284,q6_t57
1285,q6_t58
1285,q6_t59
1286,q6_t59
1286,q6_t60
1287,q6_t61
1287,q6_t62
1288,q6_t62
1288,q6_t63
1289,q6_t63
1289,q6_t64
1290,q6_t64
1290,q6_t65
1290,q9_t94
1290,q9_t95
1291,q6_t65
1291,q6_t66
1292,q6_t66
1292,q6_t67
1293,q6_t67
1293,q6_t68
1293,q9_t98
1293,q9_t99
1294,q6_t68
1294,q6_t69
1295,q6_t69
1295,q6_t70
1296,q6_t70
1296,q6_t71
1297,q6_t71
1297,q6_t72
1297,q8_t89
1297,q8_t90
1298,q6_t72
1298,q6_t73
1299,q6_t73
1299,q6_t74
1300,q6_t74
1300,q6_t75
1300,q8_t93
1300,q8_t94
1301,q6_t75
1301,q6_t76
1302,q6_t76
1302,q6_t77
1303,q6_t77
1303,q6_t78
1304,q6_t78
1304,q6_t79
1304,q7_t84
1304,q7_t85
1305,q6_t79
1305,q6_t80
1306,q6_t80
1306,q6_t81
1307,q6_t81
1307,q6_t82
1307,q7_t88
1307,q7_t89
1308,q6_t82
1308,q6_t83
1309,q6_t83
1309,q6_t84
1310,q6_t84
1310,q6_t85
1311,q6_t85
1311,q6_t86
1312,q6_t86
1312,q6_t87
1313,q6_t88
1313,q6_t89
1314,q6_t89
1314,q6_t90
1315,q6_t90
1315,q6_t91
1316,q6_t92
1316,q6_t93
1317,q6_t93
1317,q6_t94
1318,q6_t94
1318,q6_t95
1319,q6_t96
1319,q6_t97
1320,q6_t97
1320,q6_t98
1321,q6_t98
1321,q6_t99
1322,q7_t100
1322,q7_t99
1323,q7_t101
1323,q7_t102
1324,q7_t102
1324,q7_t103
1325,q7_t103
1325,q7_t104
1326,q7_t105
1326,q7_t106
1327,q7_t106
1327,q7_t107
1328,q7_t107
1328,q7_t108
1329,q7_t109
1329,q7_t110
1330,q7_t110
1330,q7_t111
1331,q7_t111
1331,q7_t112
1332,q7_t113
1332,q7_t114
1333,q7_t114
1333,q7_t115
1334,q7_t115
1334,q7_t116
1335,q7_t117
1335,q7_t118
1336,q7_t118
1336,q7_t119
1337,q7_t119
1337,q7_t120
1338,q7_t121
1338,q7_t122
1339,q7_t122
1339,q7_t123
1340,q7_t123
1340,q7_t124
1341,q7_t125
1341,q7_t126
1342,q7_t126
1342,q7_t127
1343,q7_t127
1343,q7_t128
1344,q7_t129
1344,q7_t130
1345,q7_t130
1345,q7_t131
1346,q7_t131
1346,q7_t132
1347,q7_t133
1347,q7_t134
1348,q7_t134
1348,q7_t135
1349,q7_t135
1349,q7_t136
1350,q7_t137
1350,q7_t138
1351,q7_t138
1351,q7_t139
1352,q7_t28
1352,q7_t29
1353,q7_t29
1353,q7_t30
1354,q7_t30
1354,q7_t31
1355,q7_t31
1355,q7_t32
1356,q7_t32
1356,q7_t33
1357,q7_t34
1357,q7_t35
1358,q7_t35
1358,q7_t36
1359,q7_t37
1359,q7_t38
1360,q7_t38
1360,q7_t39
1361,q7_t39
1361,q7_t40
1362,q7_t41
1362,q7_t42
1363,q7_t42
1363,q7_t43
1364,q7_t44
1364,q7_t45
1365,q7_t45
1365,q7_t46
1366,q7_t46
1366,q7_t47
1367,q7_t48
1367,q7_t49
1368,q7_t49
1368,q7_t50
1369,q7_t51
1369,q7_t52
1370,q7_t52
1370,q7_t53
1371,q7_t53
1371,q7_t54
1372,q7_t55
1372,q7_t56
1373,q7_t56
1373,q7_t57
1374,q7_t58
1374,q7_t59
1375,q7_t59
1375,q7_t60
1376,q7_t60
1376,q7_t61
1377,q7_t62
1377,q7_t63
1378,q7_t63
1378,q7_t64
1379,q7_t65
1379,q7_t66
1380,q7_t66
1380,q7_t67
1381,q7_t67
1381,q7_t68
1382,q7_t68
1382,q7_t69
1382,q9_t86
1382,q9_t87
1383,q7_t69
1383,q7_t70
1384,q7_t70
1384,q7_t71
1385,q7_t71
1385,q7_t72
1385,q9_t90
1385,q9_t91
1386,q7_t72
1386,q7_t73
1387,q7_t73
1387,q7_t74
1388,q7_t74
1388,q7_t75
1389,q7_t75
1389,q7_t76
1389,q8_t81
1389,q8_t82
1390,q7_t76
1390,q7_t77
1391,q7_t77
1391,q7_t78
1392,q7_t78
1392,q7_t79
1392,q8_t85
1392,q8_t86
1393,q7_t79
1393,q7_t80
1394,q7_t80
1394,q7_t81
1395,q7_t81
1395,q7_t82
1396,q7_t82
1396,q7_t83
1397,q7_t83
1397,q7_t84
1398,q7_t85
1398,q7_t86
1399,q7_t86
1399,q7_t87
1400,q7_t87
1400,q7_t88
1401,q7_t89
1401,q7_t90
1402,q7_t90
1402,q7_t91
1403,q7_t91
1403,q7_t92
1404,q7_t93
1404,q7_t94
1405,q7_t94
1405,q7_t95
1406,q7_t95
1406,q7_t96
1407,q7_t97
1407,q7_t98
1408,q7_t98
1408,q7_t99
1409,q8_t100
1409,q8_t101
1410,q8_t100
1410,q8_t99
1411,q8_t102
1411,q8_t103
1412,q8_t103
1412,q8_t104
1413,q8_t104
1413,q8_t105
1414,q8_t106
1414,q8_t107
1415,q8_t107
1415,q8_t108
1416,q8_t108
1416,q8_t109
1417,q8_t110
1417,q8_t111
1418,q8_t111
1418,q8_t112
1419,q8_t112
1419,q8_t113
1420,q8_t114
1420,q8_t115
1421,q8_t115
1421,q8_t116
1422,q8_t116
1422,q8_t117
1423,q8_t118
1423,q8_t119
1424,q8_t119
1424,q8_t120
1425,q8_t120
1425,q8_t121
1426,q8_t122
1426,q8_t123
1427,q8_t123
1427,q8_t124
1428,q8_t124
1428,q8_t125
1429,q8_t126
1429,q8_t127
1430,q8_t127
1430,q8_t128
1431,q8_t128
1431,q8_t129
1432,q8_t130
1432,q8_t131
1433,q8_t131
1433,q8_t132
1434,q8_t132
1434,q8_t133
1435,q8_t134
1435,q8_t135
1436,q8_t135
1436,q8_t136
1437,q8_t136
1437,q8_t137
1438,q8_t138
1438,q8_t139
1439,q8_t139
1439,q8_t140
1440,q8_t140
1440,q8_t141
1441,q8_t142
1441,q8_t143
1442,q8_t143
1442,q8_t144
1443,q8_t32
1443,q8_t33
1444,q8_t33
1444,q8_t34
1445,q8_t34
1445,q8_t35
1446,q8_t35
1446,q8_t36
1447,q8_t36
1447,q8_t37
1448,q8_t38
1448,q8_t39
1449,q8_t39
1449,q8_t40
1450,q8_t41
1450,q8_t42
1451,q8_t42
1451,q8_t43
1452,q8_t43
1452,q8_t44
1453,q8_t45
1453,q8_t46
1454,q8_t46
1454,q8_t47
1455,q8_t48
1455,q8_t49
1456,q8_t49
1456,q8_t50
1457,q8_t50
1457,q8_t51
1458,q8_t52
1458,q8_t53
1459,q8_t53
1459,q8_t54
1460,q8_t55
1460,q8_t56
1461,q8_t56
1461,q8_t57
1462,q8_t57
1462,q8_t58
1463,q8_t59
1463,q8_t60
1464,q8_t60
1464,q8_t61
1465,q8_t62
1465,q8_t63
1466,q8_t63
1466,q8_t64
1467,q8_t64
1467,q8_t65
1468,q8_t66
1468,q8_t67
1469,q8_t67
1469,q8_t68
1470,q8_t69
1470,q8_t70
1471,q8_t70
1471,q8_t71
1472,q8_t71
1472,q8_t72
1473,q8_t72
1473,q8_t73
1473,q9_t78
1473,q9_t79
1474,q8_t73
1474,q8_t74
1475,q8_t74
1475,q8_t75
1476,q8_t75
1476,q8_t76
1476,q9_t82
1476,q9_t83
1477,q8_t76
1477,q8_t77
1478,q8_t77
1478,q8_t78
1479,q8_t78
1479,q8_t79
1480,q8_t79
1480,q8_t80
1481,q8_t80
1481,q8_t81
1482,q8_t82
1482,q8_t83
1483,q8_t83
1483,q8_t84
1484,q8_t84
1484,q8_t85
1485,q8_t86
1485,q8_t87
1486,q8_t87
1486,q8_t88
1487,q8_t88
1487,q8_t89
1488,q8_t90
1488,q8_t91
1489,q8_t91
1489,q8_t92
1490,q8_t92
1490,q8_t93
1491,q8_t94
1491,q8_t95
1492,q8_t95
1492,q8_t96
1493,q8_t96
1493,q8_t97
1494,q8_t98
1494,q8_t99
1495,q9_t100
1495,q9_t101
1496,q9_t100
1496,q9_t99
1497,q9_t101
1497,q9_t102
1498,q9_t103
1498,q9_t104
1499,q9_t104
1499,q9_t105
1500,q9_t105
1500,q9_t106
1501,q9_t107
1501,q9_t108
1502,q9_t108
1502,q9_t109
1503,q9_t109
1503,q9_t110
1504,q9_t111
1504,q9_t112
1505,q9_t112
1505,q9_t113
1506,q9_t113
1506,q9_t114
1507,q9_t115
1507,q9_t116
1508,q9_t116
1508,q9_t117
1509,q9_t117
1509,q9_t118
1510,q9_t119
1510,q9_t120
1511,q9_t120
1511,q9_t121
1512,q9_t121
1512,q9_t122
1513,q9_t123
1513,q9_t124
1514,q9_t124
1514,q9_t125
1515,q9_t125
1515,q9_t126
1516,q9_t127
1516,q9_t128
1517,q9_t128
1517,q9_t129
1518,q9_t129
1518,q9_t130
1519,q9_t131
1519,q9_t132
1520,q9_t132
1520,q9_t133
1521,q9_t133
1521,q9_t134
1522,q9_t135
1522,q9_t136
1523,q9_t136
1523,q9_t137
1524,q9_t137
1524,q9_t138
1525,q9_t139
1525,q9_t140
1526,q9_t140
1526,q9_t141
1527,q9_t141
1527,q9_t142
1528,q9_t143
1528,q9_t144
1529,q9_t144
1529,q9_t145
1530,q9_t145
1530,q9_t146
1531,q9_t147
1531,q9_t148
1532,q9_t148
1532,q9_t149
1533,q9_t36
1533,q9_t37
1534,q9_t37
1534,q9_t38
1535,q9_t38
1535,q9_t39
1536,q9_t39
1536,q9_t40
1537,q9_t40
1537,q9_t41
1538,q9_t42
1538,q9_t43
1539,q9_t43
1539,q9_t44
1540,q9_t45
1540,q9_t46
1541,q9_t46
1541,q9_t47
1542,q9_t47
1542,q9_t48
1543,q9_t49
1543,q9_t50
1544,q9_t50
1544,q9_t51
1545,q9_t52
1545,q9_t53
1546,q9_t53
1546,q9_t54
1547,q9_t54
1547,q9_t55
1548,q9_t56
1548,q9_t57
1549,q9_t57
1549,q9_t58
1550,q9_t59
1550,q9_t60
1551,q9_t60
1551,q9_t61
1552,q9_t61
1552,q9_t62
1553,q9_t63
1553,q9_t64
1554,q9_t64
1554,q9_t65
1555,q9_t66
1555,q9_t67
1556,q9_t67
1556,q9_t68
1557,q9_t68
1557,q9_t69
1558,q9_t70
1558,q9_t71
1559,q9_t71
1559,q9_t72
1560,q9_t73
1560,q9_t74
1561,q9_t74
1561,q9_t75
1562,q9_t75
1562,q9_t76
1563,q9_t76
1563,q9_t77
1564,q9_t77
1564,q9_t78
1565,q9_t79
1565,q9_t80
1566,q9_t80
1566,q9_t81
1567,q9_t81
1567,q9_t82
1568,q9_t83
1568,q9_t84
1569,q9_t84
1569,q9_t85
1570,q9_t85
1570,q9_t86
1571,q9_t87
1571,q9_t88
1572,q9_t88
1572,q9_t89
1573,q9_t89
1573,q9_t90
1574,q9_t91
1574,q9_t92
1575,q9_t92
1575,q9_t93
1576,q9_t93
1576,q9_t94
1577,q9_t95
1577,q9_t96
1578,q9_t96
1578,q9_t97
1579,q9_t97
1579,q9_t98
