circuit,num_qubits,num_nodes,num_quantum_nodes,num_edges,k,overhead,capacity,optimal_cost,heuristic_cost,ratio,brute_force_time,heuristic_time,method,optimal_qubit_counts,heuristic_qubit_counts
portfolioqaoa_indep_qiskit_8,8,552,544,460,3,1.0,3,68.0,56.0,0.8235294117647058,0.44043612480163574,0.03772282600402832,QUBIT-LEVEL,"[3, 3, 2]","[3, 3, 3]"
portfolioqaoa_indep_qiskit_8,8,552,544,460,3,1.1,3,68.0,56.0,0.8235294117647058,0.43502116203308105,0.0372309684753418,QUBIT-LEVEL,"[3, 3, 2]","[3, 3, 3]"
portfolioqaoa_indep_qiskit_8,8,552,544,460,3,1.2,4,52.0,75.0,1.4423076923076923,1.2382969856262207,0.02876114845275879,QUBIT-LEVEL,"[4, 4, 0]","[4, 4, 4]"
qpeinexact_indep_qiskit_4,4,56,53,45,3,1.0,2,5.0,11.0,2.2,0.0018651485443115234,0.0005130767822265625,QUBIT-LEVEL,"[2, 2, 0]","[2, 2, 2]"
qpeinexact_indep_qiskit_4,4,56,53,45,3,1.1,2,5.0,11.0,2.2,0.0017316341400146484,0.0005161762237548828,QUBIT-LEVEL,"[2, 2, 0]","[2, 2, 2]"
qpeinexact_indep_qiskit_4,4,56,53,45,3,1.2,2,5.0,11.0,2.2,0.0018842220306396484,0.00047397613525390625,QUBIT-LEVEL,"[2, 2, 0]","[2, 2, 2]"
wstate_indep_qiskit_4,4,51,47,41,3,1.0,2,4.0,12.0,3.0,0.0016407966613769531,0.0004210472106933594,QUBIT-LEVEL,"[2, 2, 0]","[2, 2, 2]"
wstate_indep_qiskit_4,4,51,47,41,3,1.1,2,4.0,12.0,3.0,0.0017828941345214844,0.0004119873046875,QUBIT-LEVEL,"[2, 2, 0]","[2, 2, 2]"
wstate_indep_qiskit_4,4,51,47,41,3,1.2,2,4.0,12.0,3.0,0.00162506103515625,0.0006301403045654297,QUBIT-LEVEL,"[2, 2, 0]","[2, 2, 2]"
wstate_indep_qiskit_5,5,67,62,54,3,1.0,2,7.0,16.0,2.2857142857142856,0.003470182418823242,0.0007760524749755859,QUBIT-LEVEL,"[2, 2, 1]","[2, 2, 2]"
wstate_indep_qiskit_5,5,67,62,54,3,1.1,2,7.0,16.0,2.2857142857142856,0.0034890174865722656,0.0012097358703613281,QUBIT-LEVEL,"[2, 2, 1]","[2, 2, 2]"
wstate_indep_qiskit_5,5,67,62,54,3,1.2,2,7.0,16.0,2.2857142857142856,0.003341197967529297,0.0007967948913574219,QUBIT-LEVEL,"[2, 2, 1]","[2, 2, 2]"
qpeinexact_indep_qiskit_5,5,90,86,73,3,1.0,2,10.0,11.0,1.1,0.00481724739074707,0.0013737678527832031,QUBIT-LEVEL,"[2, 2, 1]","[2, 2, 2]"
qpeinexact_indep_qiskit_5,5,90,86,73,3,1.1,2,10.0,11.0,1.1,0.004536628723144531,0.0012309551239013672,QUBIT-LEVEL,"[2, 2, 1]","[2, 2, 2]"
qpeinexact_indep_qiskit_5,5,90,86,73,3,1.2,2,10.0,11.0,1.1,0.004361867904663086,0.001252889633178711,QUBIT-LEVEL,"[2, 2, 1]","[2, 2, 2]"
qwalk-v-chain_indep_qiskit_7,7,561,554,440,3,1.0,3,46.0,91.0,1.9782608695652173,0.26693224906921387,0.04290199279785156,QUBIT-LEVEL,"[3, 1, 3]","[3, 3, 3]"
qwalk-v-chain_indep_qiskit_7,7,561,554,440,3,1.1,3,46.0,91.0,1.9782608695652173,0.2720060348510742,0.0438079833984375,QUBIT-LEVEL,"[3, 1, 3]","[3, 3, 3]"
qwalk-v-chain_indep_qiskit_7,7,561,554,440,3,1.2,3,46.0,91.0,1.9782608695652173,0.27127718925476074,0.04437422752380371,QUBIT-LEVEL,"[3, 1, 3]","[3, 3, 3]"
portfolioqaoa_indep_qiskit_9,9,702,693,585,3,1.0,3,87.0,57.0,0.6551724137931034,0.5971739292144775,0.06525897979736328,QUBIT-LEVEL,"[3, 3, 3]","[3, 3, 3]"
portfolioqaoa_indep_qiskit_9,9,702,693,585,3,1.1,4,77.0,99.0,1.2857142857142858,3.737096071243286,0.05009269714355469,QUBIT-LEVEL,"[4, 4, 1]","[4, 4, 4]"
portfolioqaoa_indep_qiskit_9,9,702,693,585,3,1.2,4,77.0,99.0,1.2857142857142858,3.6763691902160645,0.050206899642944336,QUBIT-LEVEL,"[4, 4, 1]","[4, 4, 4]"
twolocalrandom_indep_qiskit_3,3,72,69,60,3,1.0,1,11.0,11.0,1.0,0.0006458759307861328,0.0008418560028076172,QUBIT-LEVEL,"[1, 1, 1]","[1, 1, 1]"
twolocalrandom_indep_qiskit_3,3,72,69,60,3,1.1,2,7.0,22.0,3.142857142857143,0.0010738372802734375,0.0006778240203857422,QUBIT-LEVEL,"[2, 1, 0]","[2, 2, 2]"
twolocalrandom_indep_qiskit_3,3,72,69,60,3,1.2,2,7.0,22.0,3.142857142857143,0.0010640621185302734,0.0006690025329589844,QUBIT-LEVEL,"[2, 1, 0]","[2, 2, 2]"
qwalk-v-chain_indep_qiskit_5,5,281,276,222,3,1.0,2,27.0,40.0,1.4814814814814814,0.012969970703125,0.01285696029663086,QUBIT-LEVEL,"[2, 2, 1]","[2, 2, 2]"
qwalk-v-chain_indep_qiskit_5,5,281,276,222,3,1.1,2,27.0,40.0,1.4814814814814814,0.012988805770874023,0.012962102890014648,QUBIT-LEVEL,"[2, 2, 1]","[2, 2, 2]"
qwalk-v-chain_indep_qiskit_5,5,281,276,222,3,1.2,2,27.0,40.0,1.4814814814814814,0.012815713882446289,0.013046026229858398,QUBIT-LEVEL,"[2, 2, 1]","[2, 2, 2]"
qwalk-noancilla_indep_qiskit_4,4,696,692,590,3,1.0,2,62.0,139.0,2.2419354838709675,0.01974797248840332,0.05910301208496094,QUBIT-LEVEL,"[2, 2, 0]","[2, 2, 2]"
qwalk-noancilla_indep_qiskit_4,4,696,692,590,3,1.1,2,62.0,139.0,2.2419354838709675,0.018922090530395508,0.0676259994506836,QUBIT-LEVEL,"[2, 2, 0]","[2, 2, 2]"
qwalk-noancilla_indep_qiskit_4,4,696,692,590,3,1.2,2,62.0,139.0,2.2419354838709675,0.03320026397705078,0.06258773803710938,QUBIT-LEVEL,"[2, 2, 0]","[2, 2, 2]"
random_indep_qiskit_8,8,473,465,402,3,1.0,3,39.0,64.0,1.641025641025641,0.3943750858306885,0.02940964698791504,QUBIT-LEVEL,"[3, 2, 3]","[3, 3, 3]"
random_indep_qiskit_8,8,473,465,402,3,1.1,3,39.0,64.0,1.641025641025641,0.3760530948638916,0.02902984619140625,QUBIT-LEVEL,"[3, 2, 3]","[3, 3, 3]"
random_indep_qiskit_8,8,473,465,402,3,1.2,4,28.0,83.0,2.9642857142857144,1.0925371646881104,0.03100299835205078,QUBIT-LEVEL,"[4, 4, 0]","[4, 4, 4]"
qpeinexact_indep_qiskit_7,7,170,164,139,3,1.0,3,19.0,25.0,1.3157894736842106,0.09647917747497559,0.003993988037109375,QUBIT-LEVEL,"[3, 3, 1]","[3, 3, 3]"
qpeinexact_indep_qiskit_7,7,170,164,139,3,1.1,3,19.0,25.0,1.3157894736842106,0.08611512184143066,0.003961801528930664,QUBIT-LEVEL,"[3, 3, 1]","[3, 3, 3]"
qpeinexact_indep_qiskit_7,7,170,164,139,3,1.2,3,19.0,25.0,1.3157894736842106,0.08678507804870605,0.0040700435638427734,QUBIT-LEVEL,"[3, 3, 1]","[3, 3, 3]"
realamprandom_indep_qiskit_10,10,870,860,725,3,1.0,4,102.0,106.0,1.0392156862745099,8.952469110488892,0.07049989700317383,QUBIT-LEVEL,"[4, 4, 2]","[4, 4, 4]"
realamprandom_indep_qiskit_10,10,870,860,725,3,1.1,4,102.0,106.0,1.0392156862745099,8.86468505859375,0.07101106643676758,QUBIT-LEVEL,"[4, 4, 2]","[4, 4, 4]"
realamprandom_indep_qiskit_10,10,870,860,725,3,1.2,4,102.0,106.0,1.0392156862745099,8.886650800704956,0.07165193557739258,QUBIT-LEVEL,"[4, 4, 2]","[4, 4, 4]"
wstate_indep_qiskit_7,7,99,92,80,3,1.0,3,8.0,16.0,2.0,0.05165863037109375,0.0013010501861572266,QUBIT-LEVEL,"[3, 3, 1]","[3, 3, 3]"
wstate_indep_qiskit_7,7,99,92,80,3,1.1,3,8.0,16.0,2.0,0.05096578598022461,0.0012788772583007812,QUBIT-LEVEL,"[3, 3, 1]","[3, 3, 3]"
wstate_indep_qiskit_7,7,99,92,80,3,1.2,3,8.0,16.0,2.0,0.06595420837402344,0.00173187255859375,QUBIT-LEVEL,"[3, 3, 1]","[3, 3, 3]"
wstate_indep_qiskit_6,6,83,77,67,3,1.0,2,8.0,16.0,2.0,0.005673885345458984,0.0014390945434570312,QUBIT-LEVEL,"[2, 2, 2]","[2, 2, 2]"
wstate_indep_qiskit_6,6,83,77,67,3,1.1,3,5.0,16.0,3.2,0.025290966033935547,0.0011432170867919922,QUBIT-LEVEL,"[3, 3, 0]","[3, 3, 3]"
wstate_indep_qiskit_6,6,83,77,67,3,1.2,3,5.0,16.0,3.2,0.022650718688964844,0.0009489059448242188,QUBIT-LEVEL,"[3, 3, 0]","[3, 3, 3]"
qpeinexact_indep_qiskit_6,6,124,119,101,3,1.0,2,15.0,15.0,1.0,0.008287906646728516,0.0030989646911621094,QUBIT-LEVEL,"[2, 2, 2]","[2, 2, 2]"
qpeinexact_indep_qiskit_6,6,124,119,101,3,1.1,3,11.0,24.0,2.1818181818181817,0.03297710418701172,0.0018129348754882812,QUBIT-LEVEL,"[3, 3, 0]","[3, 3, 3]"
qpeinexact_indep_qiskit_6,6,124,119,101,3,1.2,3,11.0,24.0,2.1818181818181817,0.03034186363220215,0.001806020736694336,QUBIT-LEVEL,"[3, 3, 0]","[3, 3, 3]"
random_indep_qiskit_9,9,516,507,437,3,1.0,3,39.0,51.0,1.3076923076923077,0.4347672462463379,0.04076790809631348,QUBIT-LEVEL,"[3, 3, 3]","[3, 3, 3]"
random_indep_qiskit_9,9,516,507,437,3,1.1,4,36.0,78.0,2.1666666666666665,2.692233085632324,0.03143572807312012,QUBIT-LEVEL,"[4, 4, 1]","[4, 4, 4]"
random_indep_qiskit_9,9,516,507,437,3,1.2,4,36.0,78.0,2.1666666666666665,2.639108896255493,0.03187990188598633,QUBIT-LEVEL,"[4, 4, 1]","[4, 4, 4]"
tsp_indep_qiskit_4,4,122,118,103,3,1.0,2,7.0,25.0,3.5714285714285716,0.0034949779510498047,0.0020148754119873047,QUBIT-LEVEL,"[2, 2, 0]","[2, 2, 2]"
tsp_indep_qiskit_4,4,122,118,103,3,1.1,2,7.0,25.0,3.5714285714285716,0.0035779476165771484,0.0019872188568115234,QUBIT-LEVEL,"[2, 2, 0]","[2, 2, 2]"
tsp_indep_qiskit_4,4,122,118,103,3,1.2,2,7.0,25.0,3.5714285714285716,0.0034170150756835938,0.001996755599975586,QUBIT-LEVEL,"[2, 2, 0]","[2, 2, 2]"
qaoa_indep_qiskit_3,3,51,48,42,3,1.0,1,8.0,8.0,1.0,0.00047087669372558594,0.0004749298095703125,QUBIT-LEVEL,"[1, 1, 1]","[1, 1, 1]"
qaoa_indep_qiskit_3,3,51,48,42,3,1.1,2,5.0,16.0,3.2,0.0008471012115478516,0.0003771781921386719,QUBIT-LEVEL,"[2, 1, 0]","[2, 2, 2]"
qaoa_indep_qiskit_3,3,51,48,42,3,1.2,2,5.0,16.0,3.2,0.0008237361907958984,0.00037217140197753906,QUBIT-LEVEL,"[2, 1, 0]","[2, 2, 2]"
twolocalrandom_indep_qiskit_2,2,30,28,25,3,1.0,1,4.0,5.0,1.25,0.00032401084899902344,0.000225067138671875,QUBIT-LEVEL,"[1, 1, 0]","[1, 1, 1]"
twolocalrandom_indep_qiskit_2,2,30,28,25,3,1.1,1,4.0,5.0,1.25,0.0003750324249267578,0.000225067138671875,QUBIT-LEVEL,"[1, 1, 0]","[1, 1, 1]"
twolocalrandom_indep_qiskit_2,2,30,28,25,3,1.2,1,4.0,5.0,1.25,0.00035190582275390625,0.000225067138671875,QUBIT-LEVEL,"[1, 1, 0]","[1, 1, 1]"
twolocalrandom_indep_qiskit_6,6,306,300,255,3,1.0,2,40.0,23.0,0.575,0.014454841613769531,0.014632225036621094,QUBIT-LEVEL,"[2, 2, 2]","[2, 2, 2]"
twolocalrandom_indep_qiskit_6,6,306,300,255,3,1.1,3,30.0,56.0,1.8666666666666667,0.07230281829833984,0.012148141860961914,QUBIT-LEVEL,"[3, 3, 0]","[3, 3, 3]"
twolocalrandom_indep_qiskit_6,6,306,300,255,3,1.2,3,30.0,56.0,1.8666666666666667,0.07189202308654785,0.011896133422851562,QUBIT-LEVEL,"[3, 3, 0]","[3, 3, 3]"
qpeinexact_indep_qiskit_12,12,472,461,389,3,1.0,4,55.0,34.0,0.6181818181818182,8.281728982925415,0.03283286094665527,QUBIT-LEVEL,"[4, 4, 4]","[4, 4, 4]"
qpeinexact_indep_qiskit_12,12,472,461,389,3,1.1,5,51.0,46.0,0.9019607843137255,55.155009746551514,0.029881954193115234,QUBIT-LEVEL,"[5, 5, 2]","[5, 5, 5]"
qpeinexact_indep_qiskit_12,12,472,461,389,3,1.2,5,51.0,46.0,0.9019607843137255,55.45140504837036,0.02963089942932129,QUBIT-LEVEL,"[5, 5, 2]","[5, 5, 5]"
pricingcall_indep_qiskit_7,7,316,309,258,3,1.0,3,20.0,48.0,2.4,0.15344715118408203,0.011537790298461914,QUBIT-LEVEL,"[3, 3, 1]","[3, 3, 3]"
pricingcall_indep_qiskit_7,7,316,309,258,3,1.1,3,20.0,48.0,2.4,0.15256404876708984,0.011623144149780273,QUBIT-LEVEL,"[3, 3, 1]","[3, 3, 3]"
pricingcall_indep_qiskit_7,7,316,309,258,3,1.2,3,20.0,48.0,2.4,0.15472984313964844,0.011565685272216797,QUBIT-LEVEL,"[3, 3, 1]","[3, 3, 3]"
qaoa_indep_qiskit_7,7,119,112,98,3,1.0,3,8.0,16.0,2.0,0.05923295021057129,0.0016188621520996094,QUBIT-LEVEL,"[3, 3, 1]","[3, 3, 3]"
qaoa_indep_qiskit_7,7,119,112,98,3,1.1,3,8.0,16.0,2.0,0.06121492385864258,0.0015740394592285156,QUBIT-LEVEL,"[3, 3, 1]","[3, 3, 3]"
qaoa_indep_qiskit_7,7,119,112,98,3,1.2,3,8.0,16.0,2.0,0.0584712028503418,0.0015799999237060547,QUBIT-LEVEL,"[3, 3, 1]","[3, 3, 3]"
portfolioqaoa_indep_qiskit_10,10,870,860,725,3,1.0,4,102.0,106.0,1.0392156862745099,8.97339129447937,0.07269001007080078,QUBIT-LEVEL,"[4, 4, 2]","[4, 4, 4]"
portfolioqaoa_indep_qiskit_10,10,870,860,725,3,1.1,4,102.0,106.0,1.0392156862745099,9.134392976760864,0.07027673721313477,QUBIT-LEVEL,"[4, 4, 2]","[4, 4, 4]"
portfolioqaoa_indep_qiskit_10,10,870,860,725,3,1.2,4,102.0,106.0,1.0392156862745099,8.896468877792358,0.07064509391784668,QUBIT-LEVEL,"[4, 4, 2]","[4, 4, 4]"
qpeexact_indep_qiskit_9,9,268,260,220,3,1.0,3,32.0,23.0,0.71875,0.22936391830444336,0.010064840316772461,QUBIT-LEVEL,"[3, 3, 3]","[3, 3, 3]"
qpeexact_indep_qiskit_9,9,268,260,220,3,1.1,4,27.0,42.0,1.5555555555555556,1.3501107692718506,0.008285045623779297,QUBIT-LEVEL,"[4, 4, 1]","[4, 4, 4]"
qpeexact_indep_qiskit_9,9,268,260,220,3,1.2,4,27.0,42.0,1.5555555555555556,1.3527429103851318,0.008389949798583984,QUBIT-LEVEL,"[4, 4, 1]","[4, 4, 4]"
qpeinexact_indep_qiskit_2,2,12,11,9,3,1.0,1,1.0,3.0,3.0,0.00037217140197753906,8.296966552734375e-05,QUBIT-LEVEL,"[1, 1, 0]","[1, 1, 1]"
qpeinexact_indep_qiskit_2,2,12,11,9,3,1.1,1,1.0,3.0,3.0,0.00027108192443847656,7.295608520507812e-05,QUBIT-LEVEL,"[1, 1, 0]","[1, 1, 1]"
qpeinexact_indep_qiskit_2,2,12,11,9,3,1.2,1,1.0,3.0,3.0,0.00026607513427734375,7.200241088867188e-05,QUBIT-LEVEL,"[1, 1, 0]","[1, 1, 1]"
wstate_indep_qiskit_2,2,19,17,15,3,1.0,1,3.0,5.0,1.6666666666666667,0.0002808570861816406,0.0001251697540283203,QUBIT-LEVEL,"[1, 1, 0]","[1, 1, 1]"
wstate_indep_qiskit_2,2,19,17,15,3,1.1,1,3.0,5.0,1.6666666666666667,0.00027632713317871094,0.0001270771026611328,QUBIT-LEVEL,"[1, 1, 0]","[1, 1, 1]"
wstate_indep_qiskit_2,2,19,17,15,3,1.2,1,3.0,5.0,1.6666666666666667,0.0002760887145996094,0.0001430511474609375,QUBIT-LEVEL,"[1, 1, 0]","[1, 1, 1]"
wstate_indep_qiskit_3,3,35,32,28,3,1.0,1,6.0,7.0,1.1666666666666667,0.000347137451171875,0.0002739429473876953,QUBIT-LEVEL,"[1, 1, 1]","[1, 1, 1]"
wstate_indep_qiskit_3,3,35,32,28,3,1.1,2,3.0,13.0,4.333333333333333,0.0006477832794189453,0.00024008750915527344,QUBIT-LEVEL,"[2, 1, 0]","[2, 2, 2]"
wstate_indep_qiskit_3,3,35,32,28,3,1.2,2,3.0,13.0,4.333333333333333,0.0007262229919433594,0.00022029876708984375,QUBIT-LEVEL,"[2, 1, 0]","[2, 2, 2]"
qpeinexact_indep_qiskit_3,3,34,32,27,3,1.0,1,5.0,6.0,1.2,0.00040078163146972656,0.0002918243408203125,QUBIT-LEVEL,"[1, 1, 1]","[1, 1, 1]"
qpeinexact_indep_qiskit_3,3,34,32,27,3,1.1,2,2.0,11.0,5.5,0.0006699562072753906,0.0002930164337158203,QUBIT-LEVEL,"[2, 1, 0]","[2, 2, 2]"
qpeinexact_indep_qiskit_3,3,34,32,27,3,1.2,2,2.0,11.0,5.5,0.0008518695831298828,0.00022912025451660156,QUBIT-LEVEL,"[2, 1, 0]","[2, 2, 2]"
qpeexact_indep_qiskit_8,8,216,209,177,3,1.0,3,25.0,22.0,0.88,0.1742870807647705,0.006626129150390625,QUBIT-LEVEL,"[3, 3, 2]","[3, 3, 3]"
qpeexact_indep_qiskit_8,8,216,209,177,3,1.1,3,25.0,22.0,0.88,0.17528676986694336,0.006552219390869141,QUBIT-LEVEL,"[3, 3, 2]","[3, 3, 3]"
qpeexact_indep_qiskit_8,8,216,209,177,3,1.2,4,19.0,37.0,1.9473684210526316,0.4809226989746094,0.00498199462890625,QUBIT-LEVEL,"[4, 4, 0]","[4, 4, 4]"
qaoa_indep_qiskit_6,6,102,96,84,3,1.0,2,10.0,12.0,1.2,0.011748075485229492,0.0037920475006103516,QUBIT-LEVEL,"[2, 2, 2]","[2, 2, 2]"
qaoa_indep_qiskit_6,6,102,96,84,3,1.1,3,7.0,11.0,1.5714285714285714,0.03177189826965332,0.0009217262268066406,QUBIT-LEVEL,"[3, 3, 0]","[3, 3, 3]"
qaoa_indep_qiskit_6,6,102,96,84,3,1.2,3,7.0,11.0,1.5714285714285714,0.02511000633239746,0.0008921623229980469,QUBIT-LEVEL,"[3, 3, 0]","[3, 3, 3]"
twolocalrandom_indep_qiskit_7,7,420,413,350,3,1.0,3,49.0,55.0,1.1224489795918366,0.20473074913024902,0.019121885299682617,QUBIT-LEVEL,"[3, 3, 1]","[3, 3, 3]"
twolocalrandom_indep_qiskit_7,7,420,413,350,3,1.1,3,49.0,55.0,1.1224489795918366,0.20360589027404785,0.01931595802307129,QUBIT-LEVEL,"[3, 3, 1]","[3, 3, 3]"
twolocalrandom_indep_qiskit_7,7,420,413,350,3,1.2,3,49.0,55.0,1.1224489795918366,0.20363378524780273,0.0191800594329834,QUBIT-LEVEL,"[3, 3, 1]","[3, 3, 3]"
twolocalrandom_indep_qiskit_5,5,210,205,175,3,1.0,2,27.0,27.0,1.0,0.009459972381591797,0.006269216537475586,QUBIT-LEVEL,"[2, 2, 1]","[2, 2, 2]"
twolocalrandom_indep_qiskit_5,5,210,205,175,3,1.1,2,27.0,27.0,1.0,0.009701013565063477,0.006319284439086914,QUBIT-LEVEL,"[2, 2, 1]","[2, 2, 2]"
twolocalrandom_indep_qiskit_5,5,210,205,175,3,1.2,2,27.0,27.0,1.0,0.00970911979675293,0.006490945816040039,QUBIT-LEVEL,"[2, 2, 1]","[2, 2, 2]"
qpeinexact_indep_qiskit_11,11,402,392,331,3,1.0,4,46.0,46.0,1.0,6.5886640548706055,0.030808687210083008,QUBIT-LEVEL,"[4, 4, 3]","[4, 4, 4]"
qpeinexact_indep_qiskit_11,11,402,392,331,3,1.1,5,41.0,64.0,1.5609756097560976,20.605064153671265,0.017148971557617188,QUBIT-LEVEL,"[5, 5, 1]","[5, 5, 5]"
qpeinexact_indep_qiskit_11,11,402,392,331,3,1.2,5,41.0,64.0,1.5609756097560976,20.656320810317993,0.019247055053710938,QUBIT-LEVEL,"[5, 5, 1]","[5, 5, 5]"
qaoa_indep_qiskit_4,4,68,64,56,3,1.0,2,6.0,9.0,1.5,0.002208709716796875,0.0007328987121582031,QUBIT-LEVEL,"[2, 2, 0]","[2, 2, 2]"
qaoa_indep_qiskit_4,4,68,64,56,3,1.1,2,6.0,9.0,1.5,0.0019788742065429688,0.0007660388946533203,QUBIT-LEVEL,"[2, 2, 0]","[2, 2, 2]"
qaoa_indep_qiskit_4,4,68,64,56,3,1.2,2,6.0,9.0,1.5,0.0020339488983154297,0.0007061958312988281,QUBIT-LEVEL,"[2, 2, 0]","[2, 2, 2]"
qwalk-v-chain_indep_qiskit_3,3,109,106,88,3,1.0,1,14.0,14.0,1.0,0.00061798095703125,0.0015592575073242188,QUBIT-LEVEL,"[1, 1, 1]","[1, 1, 1]"
qwalk-v-chain_indep_qiskit_3,3,109,106,88,3,1.1,2,7.0,18.0,2.5714285714285716,0.0017211437225341797,0.0015301704406738281,QUBIT-LEVEL,"[2, 1, 0]","[2, 2, 2]"
qwalk-v-chain_indep_qiskit_3,3,109,106,88,3,1.2,2,7.0,18.0,2.5714285714285716,0.0015442371368408203,0.0014090538024902344,QUBIT-LEVEL,"[2, 1, 0]","[2, 2, 2]"
portfoliovqe_indep_qiskit_9,9,702,693,585,3,1.0,3,87.0,57.0,0.6551724137931034,0.5596191883087158,0.0636739730834961,QUBIT-LEVEL,"[3, 3, 3]","[3, 3, 3]"
portfoliovqe_indep_qiskit_9,9,702,693,585,3,1.1,4,77.0,99.0,1.2857142857142858,3.6560211181640625,0.050501108169555664,QUBIT-LEVEL,"[4, 4, 1]","[4, 4, 4]"
portfoliovqe_indep_qiskit_9,9,702,693,585,3,1.2,4,77.0,99.0,1.2857142857142858,3.6248061656951904,0.04968404769897461,QUBIT-LEVEL,"[4, 4, 1]","[4, 4, 4]"
qnn_indep_qiskit_8,8,818,810,691,3,1.0,3,91.0,87.0,0.9560439560439561,0.6395118236541748,0.07840108871459961,QUBIT-LEVEL,"[3, 3, 2]","[3, 3, 3]"
qnn_indep_qiskit_8,8,818,810,691,3,1.1,3,91.0,87.0,0.9560439560439561,0.6351606845855713,0.07765984535217285,QUBIT-LEVEL,"[3, 3, 2]","[3, 3, 3]"
qnn_indep_qiskit_8,8,818,810,691,3,1.2,4,69.0,120.0,1.7391304347826086,1.8132011890411377,0.06032299995422363,QUBIT-LEVEL,"[4, 4, 0]","[4, 4, 4]"
portfoliovqe_indep_qiskit_8,8,552,544,460,3,1.0,3,68.0,56.0,0.8235294117647058,0.42885589599609375,0.0371098518371582,QUBIT-LEVEL,"[3, 3, 2]","[3, 3, 3]"
portfoliovqe_indep_qiskit_8,8,552,544,460,3,1.1,3,68.0,56.0,0.8235294117647058,0.431873083114624,0.037596940994262695,QUBIT-LEVEL,"[3, 3, 2]","[3, 3, 3]"
portfoliovqe_indep_qiskit_8,8,552,544,460,3,1.2,4,52.0,75.0,1.4423076923076923,1.2140378952026367,0.0281679630279541,QUBIT-LEVEL,"[4, 4, 0]","[4, 4, 4]"
qwalk-noancilla_indep_qiskit_3,3,109,106,88,3,1.0,1,14.0,14.0,1.0,0.0006992816925048828,0.0013980865478515625,QUBIT-LEVEL,"[1, 1, 1]","[1, 1, 1]"
qwalk-noancilla_indep_qiskit_3,3,109,106,88,3,1.1,2,7.0,18.0,2.5714285714285716,0.0014641284942626953,0.0013561248779296875,QUBIT-LEVEL,"[2, 1, 0]","[2, 2, 2]"
qwalk-noancilla_indep_qiskit_3,3,109,106,88,3,1.2,2,7.0,18.0,2.5714285714285716,0.0014920234680175781,0.0014591217041015625,QUBIT-LEVEL,"[2, 1, 0]","[2, 2, 2]"
qaoa_indep_qiskit_5,5,85,80,70,3,1.0,2,9.0,13.0,1.4444444444444444,0.004105091094970703,0.0012278556823730469,QUBIT-LEVEL,"[2, 2, 1]","[2, 2, 2]"
qaoa_indep_qiskit_5,5,85,80,70,3,1.1,2,9.0,13.0,1.4444444444444444,0.0045201778411865234,0.0011911392211914062,QUBIT-LEVEL,"[2, 2, 1]","[2, 2, 2]"
qaoa_indep_qiskit_5,5,85,80,70,3,1.2,2,9.0,13.0,1.4444444444444444,0.0041086673736572266,0.0012919902801513672,QUBIT-LEVEL,"[2, 2, 1]","[2, 2, 2]"
pricingcall_indep_qiskit_5,5,170,165,139,3,1.0,2,11.0,28.0,2.5454545454545454,0.0076067447662353516,0.004060029983520508,QUBIT-LEVEL,"[2, 2, 1]","[2, 2, 2]"
pricingcall_indep_qiskit_5,5,170,165,139,3,1.1,2,11.0,28.0,2.5454545454545454,0.007772922515869141,0.003982067108154297,QUBIT-LEVEL,"[2, 2, 1]","[2, 2, 2]"
pricingcall_indep_qiskit_5,5,170,165,139,3,1.2,2,11.0,28.0,2.5454545454545454,0.007641792297363281,0.004050016403198242,QUBIT-LEVEL,"[2, 2, 1]","[2, 2, 2]"
qpeinexact_indep_qiskit_10,10,332,323,273,3,1.0,4,37.0,42.0,1.135135135135135,3.3844659328460693,0.012540102005004883,QUBIT-LEVEL,"[4, 4, 2]","[4, 4, 4]"
qpeinexact_indep_qiskit_10,10,332,323,273,3,1.1,4,37.0,42.0,1.135135135135135,3.3946778774261475,0.012710332870483398,QUBIT-LEVEL,"[4, 4, 2]","[4, 4, 4]"
qpeinexact_indep_qiskit_10,10,332,323,273,3,1.2,4,37.0,42.0,1.135135135135135,3.3554670810699463,0.012476921081542969,QUBIT-LEVEL,"[4, 4, 2]","[4, 4, 4]"
twolocalrandom_indep_qiskit_4,4,132,128,110,3,1.0,2,14.0,24.0,1.7142857142857142,0.0038352012634277344,0.0021729469299316406,QUBIT-LEVEL,"[2, 2, 0]","[2, 2, 2]"
twolocalrandom_indep_qiskit_4,4,132,128,110,3,1.1,2,14.0,24.0,1.7142857142857142,0.0036699771881103516,0.0025489330291748047,QUBIT-LEVEL,"[2, 2, 0]","[2, 2, 2]"
twolocalrandom_indep_qiskit_4,4,132,128,110,3,1.2,2,14.0,24.0,1.7142857142857142,0.0035800933837890625,0.0023229122161865234,QUBIT-LEVEL,"[2, 2, 0]","[2, 2, 2]"
wstate_indep_qiskit_12,12,179,167,145,3,1.0,4,12.0,15.0,1.25,3.5004827976226807,0.0040700435638427734,QUBIT-LEVEL,"[4, 4, 4]","[4, 4, 4]"
wstate_indep_qiskit_12,12,179,167,145,3,1.1,5,11.0,25.0,2.272727272727273,20.605062246322632,0.0024640560150146484,QUBIT-LEVEL,"[5, 5, 2]","[5, 5, 5]"
wstate_indep_qiskit_12,12,179,167,145,3,1.2,5,11.0,25.0,2.272727272727273,20.70497179031372,0.0024149417877197266,QUBIT-LEVEL,"[5, 5, 2]","[5, 5, 5]"
ghz_indep_qiskit_5,5,35,30,26,3,1.0,2,5.0,9.0,1.8,0.0020558834075927734,0.0003159046173095703,QUBIT-LEVEL,"[2, 2, 1]","[2, 2, 2]"
ghz_indep_qiskit_5,5,35,30,26,3,1.1,2,5.0,9.0,1.8,0.0021560192108154297,0.0003147125244140625,QUBIT-LEVEL,"[2, 2, 1]","[2, 2, 2]"
ghz_indep_qiskit_5,5,35,30,26,3,1.2,2,5.0,9.0,1.8,0.0019681453704833984,0.00030803680419921875,QUBIT-LEVEL,"[2, 2, 1]","[2, 2, 2]"
qftentangled_indep_qiskit_6,6,157,151,128,3,1.0,2,20.0,18.0,0.9,0.008158206939697266,0.004503965377807617,QUBIT-LEVEL,"[2, 2, 2]","[2, 2, 2]"
qftentangled_indep_qiskit_6,6,157,151,128,3,1.1,3,15.0,30.0,2.0,0.038825035095214844,0.003161191940307617,QUBIT-LEVEL,"[3, 3, 0]","[3, 3, 3]"
qftentangled_indep_qiskit_6,6,157,151,128,3,1.2,3,15.0,30.0,2.0,0.03841805458068848,0.003119945526123047,QUBIT-LEVEL,"[3, 3, 0]","[3, 3, 3]"
qft_indep_qiskit_12,12,468,456,384,3,1.0,4,56.0,38.0,0.6785714285714286,8.00277590751648,0.034275054931640625,QUBIT-LEVEL,"[4, 4, 4]","[4, 4, 4]"
qft_indep_qiskit_12,12,468,456,384,3,1.1,5,53.0,58.0,1.0943396226415094,53.148826122283936,0.029374361038208008,QUBIT-LEVEL,"[5, 5, 2]","[5, 5, 5]"
qft_indep_qiskit_12,12,468,456,384,3,1.2,5,53.0,58.0,1.0943396226415094,53.40209197998047,0.029458045959472656,QUBIT-LEVEL,"[5, 5, 2]","[5, 5, 5]"
realamprandom_indep_qiskit_5,5,210,205,175,3,1.0,2,27.0,27.0,1.0,0.009553909301757812,0.005988121032714844,QUBIT-LEVEL,"[2, 2, 1]","[2, 2, 2]"
realamprandom_indep_qiskit_5,5,210,205,175,3,1.1,2,27.0,27.0,1.0,0.009657144546508789,0.0062296390533447266,QUBIT-LEVEL,"[2, 2, 1]","[2, 2, 2]"
realamprandom_indep_qiskit_5,5,210,205,175,3,1.2,2,27.0,27.0,1.0,0.009712934494018555,0.0061550140380859375,QUBIT-LEVEL,"[2, 2, 1]","[2, 2, 2]"
dj_indep_qiskit_2,2,12,11,9,3,1.0,1,1.0,3.0,3.0,0.0004220008850097656,8.296966552734375e-05,QUBIT-LEVEL,"[1, 1, 0]","[1, 1, 1]"
dj_indep_qiskit_2,2,12,11,9,3,1.1,1,1.0,3.0,3.0,0.0002751350402832031,7.295608520507812e-05,QUBIT-LEVEL,"[1, 1, 0]","[1, 1, 1]"
dj_indep_qiskit_2,2,12,11,9,3,1.2,1,1.0,3.0,3.0,0.00026702880859375,7.200241088867188e-05,QUBIT-LEVEL,"[1, 1, 0]","[1, 1, 1]"
graphstate_indep_qiskit_5,5,45,40,35,3,1.0,2,6.0,7.0,1.1666666666666667,0.0023899078369140625,0.0003788471221923828,QUBIT-LEVEL,"[2, 2, 1]","[2, 2, 2]"
graphstate_indep_qiskit_5,5,45,40,35,3,1.1,2,6.0,7.0,1.1666666666666667,0.002457857131958008,0.00036597251892089844,QUBIT-LEVEL,"[2, 2, 1]","[2, 2, 2]"
graphstate_indep_qiskit_5,5,45,40,35,3,1.2,2,6.0,7.0,1.1666666666666667,0.0025076866149902344,0.0003807544708251953,QUBIT-LEVEL,"[2, 2, 1]","[2, 2, 2]"
graphstate_indep_qiskit_4,4,36,32,28,3,1.0,2,4.0,9.0,2.25,0.0012021064758300781,0.0002570152282714844,QUBIT-LEVEL,"[2, 2, 0]","[2, 2, 2]"
graphstate_indep_qiskit_4,4,36,32,28,3,1.1,2,4.0,9.0,2.25,0.0012660026550292969,0.0002689361572265625,QUBIT-LEVEL,"[2, 2, 0]","[2, 2, 2]"
graphstate_indep_qiskit_4,4,36,32,28,3,1.2,2,4.0,9.0,2.25,0.0012078285217285156,0.00025081634521484375,QUBIT-LEVEL,"[2, 2, 0]","[2, 2, 2]"
dj_indep_qiskit_3,3,22,20,17,3,1.0,1,3.0,3.0,1.0,0.0003209114074707031,0.00013899803161621094,QUBIT-LEVEL,"[1, 1, 1]","[1, 1, 1]"
dj_indep_qiskit_3,3,22,20,17,3,1.1,2,2.0,8.0,4.0,0.0005750656127929688,0.00014591217041015625,QUBIT-LEVEL,"[2, 1, 0]","[2, 2, 2]"
dj_indep_qiskit_3,3,22,20,17,3,1.2,2,2.0,8.0,4.0,0.0008189678192138672,0.00012111663818359375,QUBIT-LEVEL,"[2, 1, 0]","[2, 2, 2]"
realamprandom_indep_qiskit_4,4,132,128,110,3,1.0,2,14.0,24.0,1.7142857142857142,0.003615140914916992,0.0023119449615478516,QUBIT-LEVEL,"[2, 2, 0]","[2, 2, 2]"
realamprandom_indep_qiskit_4,4,132,128,110,3,1.1,2,14.0,24.0,1.7142857142857142,0.003756999969482422,0.0023131370544433594,QUBIT-LEVEL,"[2, 2, 0]","[2, 2, 2]"
realamprandom_indep_qiskit_4,4,132,128,110,3,1.2,2,14.0,24.0,1.7142857142857142,0.003693103790283203,0.002296924591064453,QUBIT-LEVEL,"[2, 2, 0]","[2, 2, 2]"
qftentangled_indep_qiskit_7,7,202,195,165,3,1.0,3,23.0,31.0,1.3478260869565217,0.10008406639099121,0.005682229995727539,QUBIT-LEVEL,"[3, 3, 1]","[3, 3, 3]"
qftentangled_indep_qiskit_7,7,202,195,165,3,1.1,3,23.0,31.0,1.3478260869565217,0.11225605010986328,0.0057179927825927734,QUBIT-LEVEL,"[3, 3, 1]","[3, 3, 3]"
qftentangled_indep_qiskit_7,7,202,195,165,3,1.2,3,23.0,31.0,1.3478260869565217,0.10090398788452148,0.005759239196777344,QUBIT-LEVEL,"[3, 3, 1]","[3, 3, 3]"
ghz_indep_qiskit_4,4,27,23,20,3,1.0,2,3.0,9.0,3.0,0.0009582042694091797,0.0001800060272216797,QUBIT-LEVEL,"[2, 2, 0]","[2, 2, 2]"
ghz_indep_qiskit_4,4,27,23,20,3,1.1,2,3.0,9.0,3.0,0.0009441375732421875,0.00015211105346679688,QUBIT-LEVEL,"[2, 2, 0]","[2, 2, 2]"
ghz_indep_qiskit_4,4,27,23,20,3,1.2,2,3.0,9.0,3.0,0.0009229183197021484,0.00016689300537109375,QUBIT-LEVEL,"[2, 2, 0]","[2, 2, 2]"
ghz_indep_qiskit_6,6,43,37,32,3,1.0,2,6.0,9.0,1.5,0.002825021743774414,0.0004360675811767578,QUBIT-LEVEL,"[2, 2, 2]","[2, 2, 2]"
ghz_indep_qiskit_6,6,43,37,32,3,1.1,3,4.0,7.0,1.75,0.011045694351196289,0.00022983551025390625,QUBIT-LEVEL,"[3, 3, 0]","[3, 3, 3]"
ghz_indep_qiskit_6,6,43,37,32,3,1.2,3,4.0,7.0,1.75,0.011071920394897461,0.00025916099548339844,QUBIT-LEVEL,"[3, 3, 0]","[3, 3, 3]"
wstate_indep_qiskit_11,11,163,152,132,3,1.0,4,11.0,18.0,1.6363636363636365,2.6974360942840576,0.0025501251220703125,QUBIT-LEVEL,"[4, 4, 3]","[4, 4, 4]"
wstate_indep_qiskit_11,11,163,152,132,3,1.1,5,10.0,26.0,2.6,8.181140899658203,0.001641988754272461,QUBIT-LEVEL,"[5, 5, 1]","[5, 5, 5]"
wstate_indep_qiskit_11,11,163,152,132,3,1.2,5,10.0,26.0,2.6,8.218365907669067,0.0015459060668945312,QUBIT-LEVEL,"[5, 5, 1]","[5, 5, 5]"
qftentangled_indep_qiskit_5,5,112,107,91,3,1.0,2,15.0,19.0,1.2666666666666666,0.005323171615600586,0.00185394287109375,QUBIT-LEVEL,"[2, 2, 1]","[2, 2, 2]"
qftentangled_indep_qiskit_5,5,112,107,91,3,1.1,2,15.0,19.0,1.2666666666666666,0.005173206329345703,0.0019147396087646484,QUBIT-LEVEL,"[2, 2, 1]","[2, 2, 2]"
qftentangled_indep_qiskit_5,5,112,107,91,3,1.2,2,15.0,19.0,1.2666666666666666,0.00533294677734375,0.0019199848175048828,QUBIT-LEVEL,"[2, 2, 1]","[2, 2, 2]"
qft_indep_qiskit_11,11,393,382,322,3,1.0,4,47.0,27.0,0.574468085106383,6.443958044052124,0.02157282829284668,QUBIT-LEVEL,"[4, 4, 3]","[4, 4, 4]"
qft_indep_qiskit_11,11,393,382,322,3,1.1,5,42.0,49.0,1.1666666666666667,20.285894870758057,0.01760697364807129,QUBIT-LEVEL,"[5, 5, 1]","[5, 5, 5]"
qft_indep_qiskit_11,11,393,382,322,3,1.2,5,42.0,49.0,1.1666666666666667,20.320915937423706,0.017544269561767578,QUBIT-LEVEL,"[5, 5, 1]","[5, 5, 5]"
su2random_indep_qiskit_8,8,552,544,460,3,1.0,3,68.0,56.0,0.8235294117647058,0.43994998931884766,0.037394046783447266,QUBIT-LEVEL,"[3, 3, 2]","[3, 3, 3]"
su2random_indep_qiskit_8,8,552,544,460,3,1.1,3,68.0,56.0,0.8235294117647058,0.4313070774078369,0.03694319725036621,QUBIT-LEVEL,"[3, 3, 2]","[3, 3, 3]"
su2random_indep_qiskit_8,8,552,544,460,3,1.2,4,52.0,75.0,1.4423076923076923,1.213176965713501,0.028762102127075195,QUBIT-LEVEL,"[4, 4, 0]","[4, 4, 4]"
realamprandom_indep_qiskit_6,6,306,300,255,3,1.0,2,40.0,23.0,0.575,0.014294862747192383,0.014963388442993164,QUBIT-LEVEL,"[2, 2, 2]","[2, 2, 2]"
realamprandom_indep_qiskit_6,6,306,300,255,3,1.1,3,30.0,56.0,1.8666666666666667,0.07344412803649902,0.012415885925292969,QUBIT-LEVEL,"[3, 3, 0]","[3, 3, 3]"
realamprandom_indep_qiskit_6,6,306,300,255,3,1.2,3,30.0,56.0,1.8666666666666667,0.07458019256591797,0.011902093887329102,QUBIT-LEVEL,"[3, 3, 0]","[3, 3, 3]"
graphstate_indep_qiskit_6,6,54,48,42,3,1.0,2,7.0,7.0,1.0,0.003659963607788086,0.0005497932434082031,QUBIT-LEVEL,"[2, 2, 2]","[2, 2, 2]"
graphstate_indep_qiskit_6,6,54,48,42,3,1.1,3,5.0,11.0,2.2,0.014493942260742188,0.0003840923309326172,QUBIT-LEVEL,"[3, 3, 0]","[3, 3, 3]"
graphstate_indep_qiskit_6,6,54,48,42,3,1.2,3,5.0,11.0,2.2,0.013946056365966797,0.00037407875061035156,QUBIT-LEVEL,"[3, 3, 0]","[3, 3, 3]"
vqe_indep_qiskit_3,3,39,36,32,3,1.0,1,6.0,7.0,1.1666666666666667,0.0004367828369140625,0.0002989768981933594,QUBIT-LEVEL,"[1, 1, 1]","[1, 1, 1]"
vqe_indep_qiskit_3,3,39,36,32,3,1.1,2,3.0,15.0,5.0,0.0007119178771972656,0.00025391578674316406,QUBIT-LEVEL,"[2, 1, 0]","[2, 2, 2]"
vqe_indep_qiskit_3,3,39,36,32,3,1.2,2,3.0,15.0,5.0,0.0006759166717529297,0.00025200843811035156,QUBIT-LEVEL,"[2, 1, 0]","[2, 2, 2]"
graphstate_indep_qiskit_7,7,63,56,49,3,1.0,3,6.0,11.0,1.8333333333333333,0.03246331214904785,0.0005588531494140625,QUBIT-LEVEL,"[3, 3, 1]","[3, 3, 3]"
graphstate_indep_qiskit_7,7,63,56,49,3,1.1,3,6.0,11.0,1.8333333333333333,0.03252887725830078,0.0005440711975097656,QUBIT-LEVEL,"[3, 3, 1]","[3, 3, 3]"
graphstate_indep_qiskit_7,7,63,56,49,3,1.2,3,6.0,11.0,1.8333333333333333,0.032727956771850586,0.0005571842193603516,QUBIT-LEVEL,"[3, 3, 1]","[3, 3, 3]"
realamprandom_indep_qiskit_7,7,420,413,350,3,1.0,3,49.0,55.0,1.1224489795918366,0.20838499069213867,0.019268035888671875,QUBIT-LEVEL,"[3, 3, 1]","[3, 3, 3]"
realamprandom_indep_qiskit_7,7,420,413,350,3,1.1,3,49.0,55.0,1.1224489795918366,0.20222902297973633,0.019074201583862305,QUBIT-LEVEL,"[3, 3, 1]","[3, 3, 3]"
realamprandom_indep_qiskit_7,7,420,413,350,3,1.2,3,49.0,55.0,1.1224489795918366,0.2026529312133789,0.019520044326782227,QUBIT-LEVEL,"[3, 3, 1]","[3, 3, 3]"
qft_indep_qiskit_10,10,330,320,270,3,1.0,4,38.0,42.0,1.105263157894737,3.3582370281219482,0.01442718505859375,QUBIT-LEVEL,"[4, 4, 2]","[4, 4, 4]"
qft_indep_qiskit_10,10,330,320,270,3,1.1,4,38.0,42.0,1.105263157894737,3.419337034225464,0.014367818832397461,QUBIT-LEVEL,"[4, 4, 2]","[4, 4, 4]"
qft_indep_qiskit_10,10,330,320,270,3,1.2,4,38.0,42.0,1.105263157894737,3.3560030460357666,0.014482975006103516,QUBIT-LEVEL,"[4, 4, 2]","[4, 4, 4]"
qftentangled_indep_qiskit_4,4,79,75,64,3,1.0,2,8.0,19.0,2.375,0.0024089813232421875,0.0009288787841796875,QUBIT-LEVEL,"[2, 2, 0]","[2, 2, 2]"
qftentangled_indep_qiskit_4,4,79,75,64,3,1.1,2,8.0,19.0,2.375,0.002384662628173828,0.0009288787841796875,QUBIT-LEVEL,"[2, 2, 0]","[2, 2, 2]"
qftentangled_indep_qiskit_4,4,79,75,64,3,1.2,2,8.0,19.0,2.375,0.0022809505462646484,0.0010099411010742188,QUBIT-LEVEL,"[2, 2, 0]","[2, 2, 2]"
su2random_indep_qiskit_9,9,702,693,585,3,1.0,3,87.0,57.0,0.6551724137931034,0.5603249073028564,0.06155705451965332,QUBIT-LEVEL,"[3, 3, 3]","[3, 3, 3]"
su2random_indep_qiskit_9,9,702,693,585,3,1.1,4,77.0,99.0,1.2857142857142858,3.7242841720581055,0.05018782615661621,QUBIT-LEVEL,"[4, 4, 1]","[4, 4, 4]"
su2random_indep_qiskit_9,9,702,693,585,3,1.2,4,77.0,99.0,1.2857142857142858,3.642927885055542,0.050492048263549805,QUBIT-LEVEL,"[4, 4, 1]","[4, 4, 4]"
wstate_indep_qiskit_10,10,147,137,119,3,1.0,4,10.0,14.0,1.4,1.5100290775299072,0.002275705337524414,QUBIT-LEVEL,"[4, 4, 2]","[4, 4, 4]"
wstate_indep_qiskit_10,10,147,137,119,3,1.1,4,10.0,14.0,1.4,1.5341300964355469,0.0022928714752197266,QUBIT-LEVEL,"[4, 4, 2]","[4, 4, 4]"
wstate_indep_qiskit_10,10,147,137,119,3,1.2,4,10.0,14.0,1.4,1.5094280242919922,0.0021779537200927734,QUBIT-LEVEL,"[4, 4, 2]","[4, 4, 4]"
ghz_indep_qiskit_7,7,51,44,38,3,1.0,3,6.0,7.0,1.1666666666666667,0.02931380271911621,0.00037598609924316406,QUBIT-LEVEL,"[3, 3, 1]","[3, 3, 3]"
ghz_indep_qiskit_7,7,51,44,38,3,1.1,3,6.0,7.0,1.1666666666666667,0.02727198600769043,0.0004220008850097656,QUBIT-LEVEL,"[3, 3, 1]","[3, 3, 3]"
ghz_indep_qiskit_7,7,51,44,38,3,1.2,3,6.0,7.0,1.1666666666666667,0.027520179748535156,0.00039196014404296875,QUBIT-LEVEL,"[3, 3, 1]","[3, 3, 3]"
ghz_indep_qiskit_3,3,19,16,14,3,1.0,1,4.0,5.0,1.25,0.00038814544677734375,0.00013685226440429688,QUBIT-LEVEL,"[1, 1, 1]","[1, 1, 1]"
ghz_indep_qiskit_3,3,19,16,14,3,1.1,2,2.0,8.0,4.0,0.00047326087951660156,0.00010609626770019531,QUBIT-LEVEL,"[2, 1, 0]","[2, 2, 2]"
ghz_indep_qiskit_3,3,19,16,14,3,1.2,2,2.0,8.0,4.0,0.0004799365997314453,0.00010418891906738281,QUBIT-LEVEL,"[2, 1, 0]","[2, 2, 2]"
qftentangled_indep_qiskit_12,12,535,523,440,3,1.0,4,60.0,44.0,0.7333333333333333,9.298470735549927,0.04762697219848633,QUBIT-LEVEL,"[4, 4, 4]","[4, 4, 4]"
qftentangled_indep_qiskit_12,12,535,523,440,3,1.1,5,57.0,60.0,1.0526315789473684,62.381036043167114,0.04201483726501465,QUBIT-LEVEL,"[5, 5, 2]","[5, 5, 5]"
qftentangled_indep_qiskit_12,12,535,523,440,3,1.2,5,57.0,60.0,1.0526315789473684,61.237603187561035,0.04114699363708496,QUBIT-LEVEL,"[5, 5, 2]","[5, 5, 5]"
realamprandom_indep_qiskit_3,3,72,69,60,3,1.0,1,11.0,11.0,1.0,0.0006189346313476562,0.0008301734924316406,QUBIT-LEVEL,"[1, 1, 1]","[1, 1, 1]"
realamprandom_indep_qiskit_3,3,72,69,60,3,1.1,2,7.0,22.0,3.142857142857143,0.0010790824890136719,0.0006639957427978516,QUBIT-LEVEL,"[2, 1, 0]","[2, 2, 2]"
realamprandom_indep_qiskit_3,3,72,69,60,3,1.2,2,7.0,22.0,3.142857142857143,0.0010569095611572266,0.0007910728454589844,QUBIT-LEVEL,"[2, 1, 0]","[2, 2, 2]"
ae_indep_qiskit_8,8,255,247,212,3,1.0,3,31.0,55.0,1.7741935483870968,0.20342111587524414,0.008172988891601562,QUBIT-LEVEL,"[3, 3, 2]","[3, 3, 3]"
ae_indep_qiskit_8,8,255,247,212,3,1.1,3,31.0,55.0,1.7741935483870968,0.20128297805786133,0.008038759231567383,QUBIT-LEVEL,"[3, 3, 2]","[3, 3, 3]"
ae_indep_qiskit_8,8,255,247,212,3,1.2,4,24.0,55.0,2.2916666666666665,0.5605628490447998,0.006271839141845703,QUBIT-LEVEL,"[4, 4, 0]","[4, 4, 4]"
dj_indep_qiskit_4,4,32,29,25,3,1.0,2,3.0,8.0,2.6666666666666665,0.0012929439544677734,0.00022101402282714844,QUBIT-LEVEL,"[2, 2, 0]","[2, 2, 2]"
dj_indep_qiskit_4,4,32,29,25,3,1.1,2,3.0,8.0,2.6666666666666665,0.0011181831359863281,0.00020384788513183594,QUBIT-LEVEL,"[2, 2, 0]","[2, 2, 2]"
dj_indep_qiskit_4,4,32,29,25,3,1.2,2,3.0,8.0,2.6666666666666665,0.0010831356048583984,0.00020194053649902344,QUBIT-LEVEL,"[2, 2, 0]","[2, 2, 2]"
vqe_indep_qiskit_7,7,107,100,88,3,1.0,3,8.0,20.0,2.5,0.054471731185913086,0.001512289047241211,QUBIT-LEVEL,"[3, 3, 1]","[3, 3, 3]"
vqe_indep_qiskit_7,7,107,100,88,3,1.1,3,8.0,20.0,2.5,0.0544281005859375,0.0015192031860351562,QUBIT-LEVEL,"[3, 3, 1]","[3, 3, 3]"
vqe_indep_qiskit_7,7,107,100,88,3,1.2,3,8.0,20.0,2.5,0.05359005928039551,0.00150299072265625,QUBIT-LEVEL,"[3, 3, 1]","[3, 3, 3]"
vqe_indep_qiskit_11,11,175,164,144,3,1.0,4,11.0,16.0,1.4545454545454546,2.9576828479766846,0.003003835678100586,QUBIT-LEVEL,"[4, 4, 3]","[4, 4, 4]"
vqe_indep_qiskit_11,11,175,164,144,3,1.1,5,10.0,23.0,2.3,9.052917003631592,0.0017619132995605469,QUBIT-LEVEL,"[5, 5, 1]","[5, 5, 5]"
vqe_indep_qiskit_11,11,175,164,144,3,1.2,5,10.0,23.0,2.3,9.082975387573242,0.0018198490142822266,QUBIT-LEVEL,"[5, 5, 1]","[5, 5, 5]"
random_indep_qiskit_11,11,979,968,829,3,1.0,4,84.0,133.0,1.5833333333333333,15.901198148727417,0.12235212326049805,QUBIT-LEVEL,"[4, 4, 3]","[4, 4, 4]"
random_indep_qiskit_11,11,979,968,829,3,1.1,5,72.0,158.0,2.1944444444444446,50.82776618003845,0.09884905815124512,QUBIT-LEVEL,"[5, 5, 1]","[5, 5, 5]"
random_indep_qiskit_11,11,979,968,829,3,1.2,5,72.0,158.0,2.1944444444444446,50.50045895576477,0.09827709197998047,QUBIT-LEVEL,"[5, 5, 1]","[5, 5, 5]"
qft_indep_qiskit_8,8,216,208,176,3,1.0,3,27.0,40.0,1.4814814814814814,0.17007112503051758,0.006407976150512695,QUBIT-LEVEL,"[3, 3, 2]","[3, 3, 3]"
qft_indep_qiskit_8,8,216,208,176,3,1.1,3,27.0,40.0,1.4814814814814814,0.16994094848632812,0.00642085075378418,QUBIT-LEVEL,"[3, 3, 2]","[3, 3, 3]"
qft_indep_qiskit_8,8,216,208,176,3,1.2,4,20.0,42.0,2.1,0.46689677238464355,0.004734039306640625,QUBIT-LEVEL,"[4, 4, 0]","[4, 4, 4]"
graphstate_indep_qiskit_3,3,27,24,21,3,1.0,1,5.0,5.0,1.0,0.00044798851013183594,0.0001819133758544922,QUBIT-LEVEL,"[1, 1, 1]","[1, 1, 1]"
graphstate_indep_qiskit_3,3,27,24,21,3,1.1,2,3.0,9.0,3.0,0.0005831718444824219,0.00015091896057128906,QUBIT-LEVEL,"[2, 1, 0]","[2, 2, 2]"
graphstate_indep_qiskit_3,3,27,24,21,3,1.2,2,3.0,9.0,3.0,0.0008151531219482422,0.00017499923706054688,QUBIT-LEVEL,"[2, 1, 0]","[2, 2, 2]"
qft_indep_qiskit_9,9,267,258,218,3,1.0,3,34.0,46.0,1.3529411764705883,0.2257390022277832,0.01067805290222168,QUBIT-LEVEL,"[3, 3, 3]","[3, 3, 3]"
qft_indep_qiskit_9,9,267,258,218,3,1.1,4,29.0,42.0,1.4482758620689655,1.3358240127563477,0.008242130279541016,QUBIT-LEVEL,"[4, 4, 1]","[4, 4, 4]"
qft_indep_qiskit_9,9,267,258,218,3,1.2,4,29.0,42.0,1.4482758620689655,1.337886095046997,0.008658885955810547,QUBIT-LEVEL,"[4, 4, 1]","[4, 4, 4]"
vqe_indep_qiskit_6,6,90,84,74,3,1.0,2,8.0,20.0,2.5,0.004991054534912109,0.001619100570678711,QUBIT-LEVEL,"[2, 2, 2]","[2, 2, 2]"
vqe_indep_qiskit_6,6,90,84,74,3,1.1,3,5.0,20.0,4.0,0.02276897430419922,0.0009310245513916016,QUBIT-LEVEL,"[3, 3, 0]","[3, 3, 3]"
vqe_indep_qiskit_6,6,90,84,74,3,1.2,3,5.0,20.0,4.0,0.021960735321044922,0.0009019374847412109,QUBIT-LEVEL,"[3, 3, 0]","[3, 3, 3]"
random_indep_qiskit_10,10,665,655,563,3,1.0,4,54.0,72.0,1.3333333333333333,6.653665065765381,0.05635881423950195,QUBIT-LEVEL,"[4, 2, 4]","[4, 4, 4]"
random_indep_qiskit_10,10,665,655,563,3,1.1,4,54.0,72.0,1.3333333333333333,6.678697824478149,0.07045722007751465,QUBIT-LEVEL,"[4, 2, 4]","[4, 4, 4]"
random_indep_qiskit_10,10,665,655,563,3,1.2,4,54.0,72.0,1.3333333333333333,6.672178030014038,0.05759787559509277,QUBIT-LEVEL,"[4, 2, 4]","[4, 4, 4]"
vqe_indep_qiskit_10,10,158,148,130,3,1.0,4,10.0,13.0,1.3,1.608464241027832,0.0025959014892578125,QUBIT-LEVEL,"[4, 4, 2]","[4, 4, 4]"
vqe_indep_qiskit_10,10,158,148,130,3,1.1,4,10.0,13.0,1.3,1.59584379196167,0.0025069713592529297,QUBIT-LEVEL,"[4, 4, 2]","[4, 4, 4]"
vqe_indep_qiskit_10,10,158,148,130,3,1.2,4,10.0,13.0,1.3,1.59151291847229,0.002596139907836914,QUBIT-LEVEL,"[4, 4, 2]","[4, 4, 4]"
dj_indep_qiskit_5,5,42,38,33,3,1.0,2,5.0,10.0,2.0,0.0023102760314941406,0.00038909912109375,QUBIT-LEVEL,"[2, 2, 1]","[2, 2, 2]"
dj_indep_qiskit_5,5,42,38,33,3,1.1,2,5.0,10.0,2.0,0.0023360252380371094,0.0003268718719482422,QUBIT-LEVEL,"[2, 2, 1]","[2, 2, 2]"
dj_indep_qiskit_5,5,42,38,33,3,1.2,2,5.0,10.0,2.0,0.0023229122161865234,0.00032782554626464844,QUBIT-LEVEL,"[2, 2, 1]","[2, 2, 2]"
ae_indep_qiskit_9,9,315,306,262,3,1.0,3,39.0,63.0,1.6153846153846154,0.26392674446105957,0.01370382308959961,QUBIT-LEVEL,"[3, 3, 3]","[3, 3, 3]"
ae_indep_qiskit_9,9,315,306,262,3,1.1,4,34.0,62.0,1.8235294117647058,1.5951259136199951,0.010313987731933594,QUBIT-LEVEL,"[4, 4, 1]","[4, 4, 4]"
ae_indep_qiskit_9,9,315,306,262,3,1.2,4,34.0,62.0,1.8235294117647058,1.6027898788452148,0.011020898818969727,QUBIT-LEVEL,"[4, 4, 1]","[4, 4, 4]"
realamprandom_indep_qiskit_2,2,30,28,25,3,1.0,1,4.0,5.0,1.25,0.0004596710205078125,0.0002529621124267578,QUBIT-LEVEL,"[1, 1, 0]","[1, 1, 1]"
realamprandom_indep_qiskit_2,2,30,28,25,3,1.1,1,4.0,5.0,1.25,0.00046896934509277344,0.00023698806762695312,QUBIT-LEVEL,"[1, 1, 0]","[1, 1, 1]"
realamprandom_indep_qiskit_2,2,30,28,25,3,1.2,1,4.0,5.0,1.25,0.0003628730773925781,0.000213623046875,QUBIT-LEVEL,"[1, 1, 0]","[1, 1, 1]"
ghz_indep_qiskit_2,2,11,9,8,3,1.0,1,2.0,5.0,2.5,0.0002777576446533203,7.104873657226562e-05,QUBIT-LEVEL,"[1, 1, 0]","[1, 1, 1]"
ghz_indep_qiskit_2,2,11,9,8,3,1.1,1,2.0,5.0,2.5,0.00026798248291015625,6.890296936035156e-05,QUBIT-LEVEL,"[1, 1, 0]","[1, 1, 1]"
ghz_indep_qiskit_2,2,11,9,8,3,1.2,1,2.0,5.0,2.5,0.0002510547637939453,6.794929504394531e-05,QUBIT-LEVEL,"[1, 1, 0]","[1, 1, 1]"
qaoa_indep_qiskit_12,12,204,192,168,3,1.0,4,14.0,18.0,1.2857142857142858,3.7901110649108887,0.004724979400634766,QUBIT-LEVEL,"[4, 4, 4]","[4, 4, 4]"
qaoa_indep_qiskit_12,12,204,192,168,3,1.1,5,13.0,24.0,1.8461538461538463,23.308043956756592,0.0032210350036621094,QUBIT-LEVEL,"[5, 5, 2]","[5, 5, 5]"
qaoa_indep_qiskit_12,12,204,192,168,3,1.2,5,13.0,24.0,1.8461538461538463,23.436563968658447,0.003247976303100586,QUBIT-LEVEL,"[5, 5, 2]","[5, 5, 5]"
qaoa_indep_qiskit_10,10,170,160,140,3,1.0,4,10.0,21.0,2.1,1.7169442176818848,0.003564119338989258,QUBIT-LEVEL,"[4, 3, 3]","[4, 4, 4]"
qaoa_indep_qiskit_10,10,170,160,140,3,1.1,4,10.0,21.0,2.1,1.70493483543396,0.003615140914916992,QUBIT-LEVEL,"[4, 3, 3]","[4, 4, 4]"
qaoa_indep_qiskit_10,10,170,160,140,3,1.2,4,10.0,21.0,2.1,1.7101569175720215,0.0035600662231445312,QUBIT-LEVEL,"[4, 3, 3]","[4, 4, 4]"
qftentangled_indep_qiskit_11,11,454,443,373,3,1.0,4,51.0,32.0,0.6274509803921569,7.309383153915405,0.02976512908935547,QUBIT-LEVEL,"[4, 4, 3]","[4, 4, 4]"
qftentangled_indep_qiskit_11,11,454,443,373,3,1.1,5,45.0,43.0,0.9555555555555556,22.851335048675537,0.02473306655883789,QUBIT-LEVEL,"[5, 5, 1]","[5, 5, 5]"
qftentangled_indep_qiskit_11,11,454,443,373,3,1.2,5,45.0,43.0,0.9555555555555556,22.919834852218628,0.024638891220092773,QUBIT-LEVEL,"[5, 5, 1]","[5, 5, 5]"
qftentangled_indep_qiskit_3,3,46,43,37,3,1.0,1,8.0,8.0,1.0,0.0004999637603759766,0.0004069805145263672,QUBIT-LEVEL,"[1, 1, 1]","[1, 1, 1]"
qftentangled_indep_qiskit_3,3,46,43,37,3,1.1,2,5.0,17.0,3.4,0.0007650852203369141,0.00035500526428222656,QUBIT-LEVEL,"[2, 1, 0]","[2, 2, 2]"
qftentangled_indep_qiskit_3,3,46,43,37,3,1.2,2,5.0,17.0,3.4,0.0007519721984863281,0.0003421306610107422,QUBIT-LEVEL,"[2, 1, 0]","[2, 2, 2]"
dj_indep_qiskit_7,7,62,56,49,3,1.0,3,7.0,11.0,1.5714285714285714,0.031584978103637695,0.00049591064453125,QUBIT-LEVEL,"[3, 3, 1]","[3, 3, 3]"
dj_indep_qiskit_7,7,62,56,49,3,1.1,3,7.0,11.0,1.5714285714285714,0.03147721290588379,0.0004668235778808594,QUBIT-LEVEL,"[3, 3, 1]","[3, 3, 3]"
dj_indep_qiskit_7,7,62,56,49,3,1.2,3,7.0,11.0,1.5714285714285714,0.03159689903259277,0.0004978179931640625,QUBIT-LEVEL,"[3, 3, 1]","[3, 3, 3]"
vqe_indep_qiskit_12,12,192,180,158,3,1.0,4,12.0,17.0,1.4166666666666667,3.6125011444091797,0.0046977996826171875,QUBIT-LEVEL,"[4, 4, 4]","[4, 4, 4]"
vqe_indep_qiskit_12,12,192,180,158,3,1.1,5,11.0,28.0,2.5454545454545454,21.64246416091919,0.0030159950256347656,QUBIT-LEVEL,"[5, 5, 2]","[5, 5, 5]"
vqe_indep_qiskit_12,12,192,180,158,3,1.2,5,11.0,28.0,2.5454545454545454,21.842533111572266,0.0029921531677246094,QUBIT-LEVEL,"[5, 5, 2]","[5, 5, 5]"
vqe_indep_qiskit_4,4,56,52,46,3,1.0,2,4.0,16.0,4.0,0.0017867088317871094,0.0005660057067871094,QUBIT-LEVEL,"[2, 2, 0]","[2, 2, 2]"
vqe_indep_qiskit_4,4,56,52,46,3,1.1,2,4.0,16.0,4.0,0.0020449161529541016,0.0004730224609375,QUBIT-LEVEL,"[2, 2, 0]","[2, 2, 2]"
vqe_indep_qiskit_4,4,56,52,46,3,1.2,2,4.0,16.0,4.0,0.0018889904022216797,0.00046825408935546875,QUBIT-LEVEL,"[2, 2, 0]","[2, 2, 2]"
vqe_indep_qiskit_5,5,73,68,60,3,1.0,2,7.0,16.0,2.2857142857142856,0.0034868717193603516,0.0009248256683349609,QUBIT-LEVEL,"[2, 2, 1]","[2, 2, 2]"
vqe_indep_qiskit_5,5,73,68,60,3,1.1,2,7.0,16.0,2.2857142857142856,0.0034759044647216797,0.0010180473327636719,QUBIT-LEVEL,"[2, 2, 1]","[2, 2, 2]"
vqe_indep_qiskit_5,5,73,68,60,3,1.2,2,7.0,16.0,2.2857142857142856,0.0034770965576171875,0.0009081363677978516,QUBIT-LEVEL,"[2, 2, 1]","[2, 2, 2]"
dj_indep_qiskit_6,6,52,47,41,3,1.0,2,7.0,13.0,1.8571428571428572,0.0033338069915771484,0.0005002021789550781,QUBIT-LEVEL,"[2, 2, 2]","[2, 2, 2]"
dj_indep_qiskit_6,6,52,47,41,3,1.1,3,5.0,10.0,2.0,0.013262033462524414,0.0003337860107421875,QUBIT-LEVEL,"[3, 3, 0]","[3, 3, 3]"
dj_indep_qiskit_6,6,52,47,41,3,1.2,3,5.0,10.0,2.0,0.013231754302978516,0.0003731250762939453,QUBIT-LEVEL,"[3, 3, 0]","[3, 3, 3]"
qftentangled_indep_qiskit_2,2,25,23,20,3,1.0,1,4.0,9.0,2.25,0.0003910064697265625,0.00021409988403320312,QUBIT-LEVEL,"[1, 1, 0]","[1, 1, 1]"
qftentangled_indep_qiskit_2,2,25,23,20,3,1.1,1,4.0,9.0,2.25,0.00034427642822265625,0.00016999244689941406,QUBIT-LEVEL,"[1, 1, 0]","[1, 1, 1]"
qftentangled_indep_qiskit_2,2,25,23,20,3,1.2,1,4.0,9.0,2.25,0.00032591819763183594,0.0001747608184814453,QUBIT-LEVEL,"[1, 1, 0]","[1, 1, 1]"
pricingput_indep_qiskit_9,9,474,465,389,3,1.0,3,31.0,57.0,1.8387096774193548,0.38198399543762207,0.031256914138793945,QUBIT-LEVEL,"[3, 3, 3]","[3, 3, 3]"
pricingput_indep_qiskit_9,9,474,465,389,3,1.1,4,25.0,70.0,2.8,2.348238945007324,0.021278858184814453,QUBIT-LEVEL,"[4, 4, 1]","[4, 4, 4]"
pricingput_indep_qiskit_9,9,474,465,389,3,1.2,4,25.0,70.0,2.8,2.362553119659424,0.021605968475341797,QUBIT-LEVEL,"[4, 4, 1]","[4, 4, 4]"
qftentangled_indep_qiskit_10,10,385,375,316,3,1.0,4,42.0,59.0,1.4047619047619047,3.8909010887145996,0.020412921905517578,QUBIT-LEVEL,"[4, 4, 2]","[4, 4, 4]"
qftentangled_indep_qiskit_10,10,385,375,316,3,1.1,4,42.0,59.0,1.4047619047619047,3.8848869800567627,0.033074140548706055,QUBIT-LEVEL,"[4, 4, 2]","[4, 4, 4]"
qftentangled_indep_qiskit_10,10,385,375,316,3,1.2,4,42.0,59.0,1.4047619047619047,3.8660809993743896,0.019965171813964844,QUBIT-LEVEL,"[4, 4, 2]","[4, 4, 4]"
qaoa_indep_qiskit_11,11,187,176,154,3,1.0,4,13.0,14.0,1.0769230769230769,3.085216999053955,0.0038001537322998047,QUBIT-LEVEL,"[4, 4, 3]","[4, 4, 4]"
qaoa_indep_qiskit_11,11,187,176,154,3,1.1,5,12.0,14.0,1.1666666666666667,9.533523082733154,0.0025091171264648438,QUBIT-LEVEL,"[5, 5, 1]","[5, 5, 5]"
qaoa_indep_qiskit_11,11,187,176,154,3,1.2,5,12.0,14.0,1.1666666666666667,9.62602710723877,0.002488851547241211,QUBIT-LEVEL,"[5, 5, 1]","[5, 5, 5]"
ae_indep_qiskit_7,7,201,194,167,3,1.0,3,23.0,47.0,2.0434782608695654,0.0983271598815918,0.004422903060913086,QUBIT-LEVEL,"[3, 3, 1]","[3, 3, 3]"
ae_indep_qiskit_7,7,201,194,167,3,1.1,3,23.0,47.0,2.0434782608695654,0.09827089309692383,0.004355192184448242,QUBIT-LEVEL,"[3, 3, 1]","[3, 3, 3]"
ae_indep_qiskit_7,7,201,194,167,3,1.2,3,23.0,47.0,2.0434782608695654,0.09967494010925293,0.004464864730834961,QUBIT-LEVEL,"[3, 3, 1]","[3, 3, 3]"
su2random_indep_qiskit_2,2,30,28,25,3,1.0,1,4.0,5.0,1.25,0.0005521774291992188,0.00023412704467773438,QUBIT-LEVEL,"[1, 1, 0]","[1, 1, 1]"
su2random_indep_qiskit_2,2,30,28,25,3,1.1,1,4.0,5.0,1.25,0.0003352165222167969,0.00021195411682128906,QUBIT-LEVEL,"[1, 1, 0]","[1, 1, 1]"
su2random_indep_qiskit_2,2,30,28,25,3,1.2,1,4.0,5.0,1.25,0.0005950927734375,0.00023984909057617188,QUBIT-LEVEL,"[1, 1, 0]","[1, 1, 1]"
qpeexact_indep_qiskit_10,10,320,311,263,3,1.0,4,35.0,42.0,1.2,3.222606897354126,0.012691020965576172,QUBIT-LEVEL,"[4, 4, 2]","[4, 4, 4]"
qpeexact_indep_qiskit_10,10,320,311,263,3,1.1,4,35.0,42.0,1.2,3.1873550415039062,0.012621879577636719,QUBIT-LEVEL,"[4, 4, 2]","[4, 4, 4]"
qpeexact_indep_qiskit_10,10,320,311,263,3,1.2,4,35.0,42.0,1.2,3.2279727458953857,0.012440919876098633,QUBIT-LEVEL,"[4, 4, 2]","[4, 4, 4]"
grover-noancilla_indep_qiskit_2,2,6,4,4,3,1.0,1,1.0,2.0,2.0,0.0003490447998046875,4.7206878662109375e-05,QUBIT-LEVEL,"[1, 1, 0]","[1, 1, 1]"
grover-noancilla_indep_qiskit_2,2,6,4,4,3,1.1,1,1.0,2.0,2.0,0.00022602081298828125,3.4809112548828125e-05,QUBIT-LEVEL,"[1, 1, 0]","[1, 1, 1]"
grover-noancilla_indep_qiskit_2,2,6,4,4,3,1.2,1,1.0,2.0,2.0,0.0002219676971435547,2.8848648071289062e-05,QUBIT-LEVEL,"[1, 1, 0]","[1, 1, 1]"
vqe_indep_qiskit_8,8,124,116,102,3,1.0,3,9.0,20.0,2.2222222222222223,0.10141491889953613,0.002216339111328125,QUBIT-LEVEL,"[3, 3, 2]","[3, 3, 3]"
vqe_indep_qiskit_8,8,124,116,102,3,1.1,3,9.0,20.0,2.2222222222222223,0.10163211822509766,0.0020999908447265625,QUBIT-LEVEL,"[3, 3, 2]","[3, 3, 3]"
vqe_indep_qiskit_8,8,124,116,102,3,1.2,4,6.0,13.0,2.1666666666666665,0.27591490745544434,0.0012507438659667969,QUBIT-LEVEL,"[4, 4, 0]","[4, 4, 4]"
qft_indep_qiskit_7,7,165,158,134,3,1.0,3,20.0,34.0,1.7,0.08190608024597168,0.003471851348876953,QUBIT-LEVEL,"[3, 3, 1]","[3, 3, 3]"
qft_indep_qiskit_7,7,165,158,134,3,1.1,3,20.0,34.0,1.7,0.08161306381225586,0.0034418106079101562,QUBIT-LEVEL,"[3, 3, 1]","[3, 3, 3]"
qft_indep_qiskit_7,7,165,158,134,3,1.2,3,20.0,34.0,1.7,0.08182692527770996,0.0034880638122558594,QUBIT-LEVEL,"[3, 3, 1]","[3, 3, 3]"
qft_indep_qiskit_6,6,126,120,102,3,1.0,2,16.0,21.0,1.3125,0.006540060043334961,0.002550840377807617,QUBIT-LEVEL,"[2, 2, 2]","[2, 2, 2]"
qft_indep_qiskit_6,6,126,120,102,3,1.1,3,13.0,28.0,2.1538461538461537,0.03094196319580078,0.0017528533935546875,QUBIT-LEVEL,"[3, 3, 0]","[3, 3, 3]"
qft_indep_qiskit_6,6,126,120,102,3,1.2,3,13.0,28.0,2.1538461538461537,0.03021693229675293,0.0017590522766113281,QUBIT-LEVEL,"[3, 3, 0]","[3, 3, 3]"
vqe_indep_qiskit_9,9,141,132,116,3,1.0,3,10.0,20.0,2.0,0.13129186630249023,0.002964019775390625,QUBIT-LEVEL,"[3, 3, 3]","[3, 3, 3]"
vqe_indep_qiskit_9,9,141,132,116,3,1.1,4,9.0,13.0,1.4444444444444444,0.7184891700744629,0.0018799304962158203,QUBIT-LEVEL,"[4, 4, 1]","[4, 4, 4]"
vqe_indep_qiskit_9,9,141,132,116,3,1.2,4,9.0,13.0,1.4444444444444444,0.7200849056243896,0.0018489360809326172,QUBIT-LEVEL,"[4, 4, 1]","[4, 4, 4]"
grover-noancilla_indep_qiskit_3,3,49,46,40,3,1.0,1,8.0,9.0,1.125,0.0004849433898925781,0.00044608116149902344,QUBIT-LEVEL,"[1, 1, 1]","[1, 1, 1]"
grover-noancilla_indep_qiskit_3,3,49,46,40,3,1.1,2,4.0,13.0,3.25,0.0008151531219482422,0.0003840923309326172,QUBIT-LEVEL,"[2, 1, 0]","[2, 2, 2]"
grover-noancilla_indep_qiskit_3,3,49,46,40,3,1.2,2,4.0,13.0,3.25,0.00080108642578125,0.0004937648773193359,QUBIT-LEVEL,"[2, 1, 0]","[2, 2, 2]"
qpeexact_indep_qiskit_11,11,402,392,331,3,1.0,4,46.0,46.0,1.0,6.511168003082275,0.018831729888916016,QUBIT-LEVEL,"[4, 4, 3]","[4, 4, 4]"
qpeexact_indep_qiskit_11,11,402,392,331,3,1.1,5,41.0,64.0,1.5609756097560976,20.605809926986694,0.017323970794677734,QUBIT-LEVEL,"[5, 5, 1]","[5, 5, 5]"
qpeexact_indep_qiskit_11,11,402,392,331,3,1.2,5,41.0,64.0,1.5609756097560976,20.625720977783203,0.017228126525878906,QUBIT-LEVEL,"[5, 5, 1]","[5, 5, 5]"
su2random_indep_qiskit_3,3,72,69,60,3,1.0,1,11.0,11.0,1.0,0.0006108283996582031,0.0008361339569091797,QUBIT-LEVEL,"[1, 1, 1]","[1, 1, 1]"
su2random_indep_qiskit_3,3,72,69,60,3,1.1,2,7.0,22.0,3.142857142857143,0.0012009143829345703,0.0006561279296875,QUBIT-LEVEL,"[2, 1, 0]","[2, 2, 2]"
su2random_indep_qiskit_3,3,72,69,60,3,1.2,2,7.0,22.0,3.142857142857143,0.0010807514190673828,0.0007767677307128906,QUBIT-LEVEL,"[2, 1, 0]","[2, 2, 2]"
pricingput_indep_qiskit_5,5,170,165,139,3,1.0,2,11.0,28.0,2.5454545454545454,0.007816076278686523,0.004080057144165039,QUBIT-LEVEL,"[2, 2, 1]","[2, 2, 2]"
pricingput_indep_qiskit_5,5,170,165,139,3,1.1,2,11.0,28.0,2.5454545454545454,0.007767200469970703,0.004190921783447266,QUBIT-LEVEL,"[2, 2, 1]","[2, 2, 2]"
pricingput_indep_qiskit_5,5,170,165,139,3,1.2,2,11.0,28.0,2.5454545454545454,0.007979154586791992,0.003988027572631836,QUBIT-LEVEL,"[2, 2, 1]","[2, 2, 2]"
ae_indep_qiskit_6,6,153,147,127,3,1.0,2,20.0,42.0,2.1,0.007775068283081055,0.003490924835205078,QUBIT-LEVEL,"[2, 2, 2]","[2, 2, 2]"
ae_indep_qiskit_6,6,153,147,127,3,1.1,3,15.0,39.0,2.6,0.03717613220214844,0.002228975296020508,QUBIT-LEVEL,"[3, 3, 0]","[3, 3, 3]"
ae_indep_qiskit_6,6,153,147,127,3,1.2,3,15.0,39.0,2.6,0.03689384460449219,0.002196073532104492,QUBIT-LEVEL,"[3, 3, 0]","[3, 3, 3]"
ghz_indep_qiskit_12,12,91,79,68,3,1.0,4,10.0,13.0,1.3,2.0603880882263184,0.0010480880737304688,QUBIT-LEVEL,"[4, 4, 4]","[4, 4, 4]"
ghz_indep_qiskit_12,12,91,79,68,3,1.1,5,9.0,17.0,1.8888888888888888,10.50893783569336,0.0007581710815429688,QUBIT-LEVEL,"[5, 5, 2]","[5, 5, 5]"
ghz_indep_qiskit_12,12,91,79,68,3,1.2,5,9.0,17.0,1.8888888888888888,10.48536491394043,0.0007810592651367188,QUBIT-LEVEL,"[5, 5, 2]","[5, 5, 5]"
ghz_indep_qiskit_10,10,75,65,56,3,1.0,4,8.0,13.0,1.625,0.7767059803009033,0.0007061958312988281,QUBIT-LEVEL,"[4, 4, 2]","[4, 4, 4]"
ghz_indep_qiskit_10,10,75,65,56,3,1.1,4,8.0,13.0,1.625,0.7768030166625977,0.0007021427154541016,QUBIT-LEVEL,"[4, 4, 2]","[4, 4, 4]"
ghz_indep_qiskit_10,10,75,65,56,3,1.2,4,8.0,13.0,1.625,0.7782771587371826,0.0007028579711914062,QUBIT-LEVEL,"[4, 4, 2]","[4, 4, 4]"
ae_indep_qiskit_4,4,75,71,62,3,1.0,2,8.0,25.0,3.125,0.002234220504760742,0.0007441043853759766,QUBIT-LEVEL,"[2, 2, 0]","[2, 2, 2]"
ae_indep_qiskit_4,4,75,71,62,3,1.1,2,8.0,25.0,3.125,0.002228975296020508,0.001007080078125,QUBIT-LEVEL,"[2, 2, 0]","[2, 2, 2]"
ae_indep_qiskit_4,4,75,71,62,3,1.2,2,8.0,25.0,3.125,0.0021669864654541016,0.0007340908050537109,QUBIT-LEVEL,"[2, 2, 0]","[2, 2, 2]"
pricingput_indep_qiskit_7,7,318,311,260,3,1.0,3,20.0,46.0,2.3,0.1534132957458496,0.01142573356628418,QUBIT-LEVEL,"[3, 3, 1]","[3, 3, 3]"
pricingput_indep_qiskit_7,7,318,311,260,3,1.1,3,20.0,46.0,2.3,0.15475106239318848,0.011475086212158203,QUBIT-LEVEL,"[3, 3, 1]","[3, 3, 3]"
pricingput_indep_qiskit_7,7,318,311,260,3,1.2,3,20.0,46.0,2.3,0.15300798416137695,0.011696815490722656,QUBIT-LEVEL,"[3, 3, 1]","[3, 3, 3]"
dj_indep_qiskit_8,8,72,65,57,3,1.0,3,9.0,13.0,1.4444444444444444,0.062090158462524414,0.0007100105285644531,QUBIT-LEVEL,"[3, 3, 2]","[3, 3, 3]"
dj_indep_qiskit_8,8,72,65,57,3,1.1,3,9.0,13.0,1.4444444444444444,0.06173300743103027,0.0006940364837646484,QUBIT-LEVEL,"[3, 3, 2]","[3, 3, 3]"
dj_indep_qiskit_8,8,72,65,57,3,1.2,4,7.0,16.0,2.2857142857142856,0.16064977645874023,0.0005631446838378906,QUBIT-LEVEL,"[4, 4, 0]","[4, 4, 4]"
qft_indep_qiskit_4,4,60,56,48,3,1.0,2,6.0,13.0,2.1666666666666665,0.0018451213836669922,0.0005278587341308594,QUBIT-LEVEL,"[2, 2, 0]","[2, 2, 2]"
qft_indep_qiskit_4,4,60,56,48,3,1.1,2,6.0,13.0,2.1666666666666665,0.0019180774688720703,0.0006501674652099609,QUBIT-LEVEL,"[2, 2, 0]","[2, 2, 2]"
qft_indep_qiskit_4,4,60,56,48,3,1.2,2,6.0,13.0,2.1666666666666665,0.0017852783203125,0.0005192756652832031,QUBIT-LEVEL,"[2, 2, 0]","[2, 2, 2]"
routing_indep_qiskit_2,2,30,28,25,3,1.0,1,4.0,5.0,1.25,0.00032782554626464844,0.00023794174194335938,QUBIT-LEVEL,"[1, 1, 0]","[1, 1, 1]"
routing_indep_qiskit_2,2,30,28,25,3,1.1,1,4.0,5.0,1.25,0.0003147125244140625,0.00022029876708984375,QUBIT-LEVEL,"[1, 1, 0]","[1, 1, 1]"
routing_indep_qiskit_2,2,30,28,25,3,1.2,1,4.0,5.0,1.25,0.0003180503845214844,0.0002181529998779297,QUBIT-LEVEL,"[1, 1, 0]","[1, 1, 1]"
qpeexact_indep_qiskit_12,12,466,455,384,3,1.0,4,54.0,58.0,1.0740740740740742,7.977779865264893,0.028550148010253906,QUBIT-LEVEL,"[4, 4, 4]","[4, 4, 4]"
qpeexact_indep_qiskit_12,12,466,455,384,3,1.1,5,50.0,76.0,1.52,52.836889028549194,0.02392721176147461,QUBIT-LEVEL,"[5, 5, 2]","[5, 5, 5]"
qpeexact_indep_qiskit_12,12,466,455,384,3,1.2,5,50.0,76.0,1.52,53.19144606590271,0.026131153106689453,QUBIT-LEVEL,"[5, 5, 2]","[5, 5, 5]"
dj_indep_qiskit_9,9,82,74,65,3,1.0,3,11.0,15.0,1.3636363636363635,0.08863186836242676,0.000904083251953125,QUBIT-LEVEL,"[3, 3, 3]","[3, 3, 3]"
dj_indep_qiskit_9,9,82,74,65,3,1.1,4,9.0,18.0,2.0,0.426591157913208,0.0007548332214355469,QUBIT-LEVEL,"[4, 4, 1]","[4, 4, 4]"
dj_indep_qiskit_9,9,82,74,65,3,1.2,4,9.0,18.0,2.0,0.4256019592285156,0.0007481575012207031,QUBIT-LEVEL,"[4, 4, 1]","[4, 4, 4]"
ae_indep_qiskit_5,5,111,106,92,3,1.0,2,14.0,34.0,2.4285714285714284,0.005205869674682617,0.0016589164733886719,QUBIT-LEVEL,"[2, 2, 1]","[2, 2, 2]"
ae_indep_qiskit_5,5,111,106,92,3,1.1,2,14.0,34.0,2.4285714285714284,0.005384922027587891,0.0016949176788330078,QUBIT-LEVEL,"[2, 2, 1]","[2, 2, 2]"
ae_indep_qiskit_5,5,111,106,92,3,1.2,2,14.0,34.0,2.4285714285714284,0.005244016647338867,0.001827239990234375,QUBIT-LEVEL,"[2, 2, 1]","[2, 2, 2]"
ghz_indep_qiskit_11,11,83,72,62,3,1.0,4,9.0,11.0,1.2222222222222223,1.4698259830474854,0.0008168220520019531,QUBIT-LEVEL,"[4, 4, 3]","[4, 4, 4]"
ghz_indep_qiskit_11,11,83,72,62,3,1.1,5,8.0,15.0,1.875,4.219866037368774,0.0005791187286376953,QUBIT-LEVEL,"[5, 5, 1]","[5, 5, 5]"
ghz_indep_qiskit_11,11,83,72,62,3,1.2,5,8.0,15.0,1.875,4.209092140197754,0.0005810260772705078,QUBIT-LEVEL,"[5, 5, 1]","[5, 5, 5]"
qftentangled_indep_qiskit_9,9,316,307,259,3,1.0,3,38.0,37.0,0.9736842105263158,0.2657501697540283,0.016248703002929688,QUBIT-LEVEL,"[3, 3, 3]","[3, 3, 3]"
qftentangled_indep_qiskit_9,9,316,307,259,3,1.1,4,33.0,54.0,1.6363636363636365,1.5937728881835938,0.012578010559082031,QUBIT-LEVEL,"[4, 4, 1]","[4, 4, 4]"
qftentangled_indep_qiskit_9,9,316,307,259,3,1.2,4,33.0,54.0,1.6363636363636365,1.6111738681793213,0.01266622543334961,QUBIT-LEVEL,"[4, 4, 1]","[4, 4, 4]"
su2random_indep_qiskit_4,4,132,128,110,3,1.0,2,14.0,24.0,1.7142857142857142,0.003718137741088867,0.002346038818359375,QUBIT-LEVEL,"[2, 2, 0]","[2, 2, 2]"
su2random_indep_qiskit_4,4,132,128,110,3,1.1,2,14.0,24.0,1.7142857142857142,0.0036590099334716797,0.0023148059844970703,QUBIT-LEVEL,"[2, 2, 0]","[2, 2, 2]"
su2random_indep_qiskit_4,4,132,128,110,3,1.2,2,14.0,24.0,1.7142857142857142,0.003597259521484375,0.0022950172424316406,QUBIT-LEVEL,"[2, 2, 0]","[2, 2, 2]"
grover-noancilla_indep_qiskit_4,4,198,194,164,3,1.0,2,18.0,34.0,1.8888888888888888,0.005300045013427734,0.004483938217163086,QUBIT-LEVEL,"[2, 2, 0]","[2, 2, 2]"
grover-noancilla_indep_qiskit_4,4,198,194,164,3,1.1,2,18.0,34.0,1.8888888888888888,0.00528717041015625,0.004438161849975586,QUBIT-LEVEL,"[2, 2, 0]","[2, 2, 2]"
grover-noancilla_indep_qiskit_4,4,198,194,164,3,1.2,2,18.0,34.0,1.8888888888888888,0.005318880081176758,0.0044629573822021484,QUBIT-LEVEL,"[2, 2, 0]","[2, 2, 2]"
ae_indep_qiskit_10,10,381,371,317,3,1.0,4,44.0,54.0,1.2272727272727273,3.8737878799438477,0.015412092208862305,QUBIT-LEVEL,"[4, 4, 2]","[4, 4, 4]"
ae_indep_qiskit_10,10,381,371,317,3,1.1,4,44.0,54.0,1.2272727272727273,3.8481340408325195,0.015310049057006836,QUBIT-LEVEL,"[4, 4, 2]","[4, 4, 4]"
ae_indep_qiskit_10,10,381,371,317,3,1.2,4,44.0,54.0,1.2272727272727273,3.827968120574951,0.0161130428314209,QUBIT-LEVEL,"[4, 4, 2]","[4, 4, 4]"
ae_indep_qiskit_11,11,453,442,377,3,1.0,4,54.0,74.0,1.3703703703703705,7.389897108078003,0.023009061813354492,QUBIT-LEVEL,"[4, 4, 3]","[4, 4, 4]"
ae_indep_qiskit_11,11,453,442,377,3,1.1,5,47.0,83.0,1.7659574468085106,23.240406036376953,0.02007603645324707,QUBIT-LEVEL,"[5, 5, 1]","[5, 5, 5]"
ae_indep_qiskit_11,11,453,442,377,3,1.2,5,47.0,83.0,1.7659574468085106,23.129260063171387,0.020194053649902344,QUBIT-LEVEL,"[5, 5, 1]","[5, 5, 5]"
routing_indep_qiskit_6,6,126,120,105,3,1.0,2,10.0,22.0,2.2,0.006262063980102539,0.0029828548431396484,QUBIT-LEVEL,"[2, 2, 2]","[2, 2, 2]"
routing_indep_qiskit_6,6,126,120,105,3,1.1,3,6.0,27.0,4.5,0.03017401695251465,0.0018107891082763672,QUBIT-LEVEL,"[3, 3, 0]","[3, 3, 3]"
routing_indep_qiskit_6,6,126,120,105,3,1.2,3,6.0,27.0,4.5,0.03016805648803711,0.001847982406616211,QUBIT-LEVEL,"[3, 3, 0]","[3, 3, 3]"
grover-noancilla_indep_qiskit_5,5,846,841,712,3,1.0,2,90.0,169.0,1.8777777777777778,0.03613901138305664,0.10401225090026855,QUBIT-LEVEL,"[2, 1, 2]","[2, 2, 2]"
grover-noancilla_indep_qiskit_5,5,846,841,712,3,1.1,2,90.0,169.0,1.8777777777777778,0.037461042404174805,0.10495996475219727,QUBIT-LEVEL,"[2, 1, 2]","[2, 2, 2]"
grover-noancilla_indep_qiskit_5,5,846,841,712,3,1.2,2,90.0,169.0,1.8777777777777778,0.035858154296875,0.10449719429016113,QUBIT-LEVEL,"[2, 1, 2]","[2, 2, 2]"
portfoliovqe_indep_qiskit_10,10,870,860,725,3,1.0,4,102.0,106.0,1.0392156862745099,8.855662822723389,0.07028603553771973,QUBIT-LEVEL,"[4, 4, 2]","[4, 4, 4]"
portfoliovqe_indep_qiskit_10,10,870,860,725,3,1.1,4,102.0,106.0,1.0392156862745099,8.82382607460022,0.07094502449035645,QUBIT-LEVEL,"[4, 4, 2]","[4, 4, 4]"
portfoliovqe_indep_qiskit_10,10,870,860,725,3,1.2,4,102.0,106.0,1.0392156862745099,8.834128856658936,0.0699920654296875,QUBIT-LEVEL,"[4, 4, 2]","[4, 4, 4]"
groundstate_small_indep_qiskit_4,4,92,88,76,3,1.0,2,10.0,17.0,1.7,0.002727031707763672,0.0011839866638183594,QUBIT-LEVEL,"[2, 2, 0]","[2, 2, 2]"
groundstate_small_indep_qiskit_4,4,92,88,76,3,1.1,2,10.0,17.0,1.7,0.002624034881591797,0.0011587142944335938,QUBIT-LEVEL,"[2, 2, 0]","[2, 2, 2]"
groundstate_small_indep_qiskit_4,4,92,88,76,3,1.2,2,10.0,17.0,1.7,0.0026450157165527344,0.0011687278747558594,QUBIT-LEVEL,"[2, 2, 0]","[2, 2, 2]"
qftentangled_indep_qiskit_8,8,259,251,212,3,1.0,3,31.0,34.0,1.096774193548387,0.20264315605163574,0.01018071174621582,QUBIT-LEVEL,"[3, 3, 2]","[3, 3, 3]"
qftentangled_indep_qiskit_8,8,259,251,212,3,1.1,3,31.0,34.0,1.096774193548387,0.2022840976715088,0.010152101516723633,QUBIT-LEVEL,"[3, 3, 2]","[3, 3, 3]"
qftentangled_indep_qiskit_8,8,259,251,212,3,1.2,4,22.0,52.0,2.3636363636363638,0.5600578784942627,0.007548809051513672,QUBIT-LEVEL,"[4, 4, 0]","[4, 4, 4]"
su2random_indep_qiskit_5,5,210,205,175,3,1.0,2,27.0,27.0,1.0,0.009331941604614258,0.006014823913574219,QUBIT-LEVEL,"[2, 2, 1]","[2, 2, 2]"
su2random_indep_qiskit_5,5,210,205,175,3,1.1,2,27.0,27.0,1.0,0.009256124496459961,0.006107807159423828,QUBIT-LEVEL,"[2, 2, 1]","[2, 2, 2]"
su2random_indep_qiskit_5,5,210,205,175,3,1.2,2,27.0,27.0,1.0,0.009241104125976562,0.006016731262207031,QUBIT-LEVEL,"[2, 2, 1]","[2, 2, 2]"
ghz_indep_qiskit_9,9,67,58,50,3,1.0,3,8.0,7.0,0.875,0.07366490364074707,0.0006551742553710938,QUBIT-LEVEL,"[3, 3, 3]","[3, 3, 3]"
ghz_indep_qiskit_9,9,67,58,50,3,1.1,4,7.0,13.0,1.8571428571428572,0.3413701057434082,0.0004961490631103516,QUBIT-LEVEL,"[4, 4, 1]","[4, 4, 4]"
ghz_indep_qiskit_9,9,67,58,50,3,1.2,4,7.0,13.0,1.8571428571428572,0.34123921394348145,0.0004909038543701172,QUBIT-LEVEL,"[4, 4, 1]","[4, 4, 4]"
su2random_indep_qiskit_7,7,420,413,350,3,1.0,3,49.0,55.0,1.1224489795918366,0.20338129997253418,0.018918991088867188,QUBIT-LEVEL,"[3, 3, 1]","[3, 3, 3]"
su2random_indep_qiskit_7,7,420,413,350,3,1.1,3,49.0,55.0,1.1224489795918366,0.20483088493347168,0.0191500186920166,QUBIT-LEVEL,"[3, 3, 1]","[3, 3, 3]"
su2random_indep_qiskit_7,7,420,413,350,3,1.2,3,49.0,55.0,1.1224489795918366,0.20447587966918945,0.018738985061645508,QUBIT-LEVEL,"[3, 3, 1]","[3, 3, 3]"
realamprandom_indep_qiskit_9,9,702,693,585,3,1.0,3,87.0,57.0,0.6551724137931034,0.5565929412841797,0.06216883659362793,QUBIT-LEVEL,"[3, 3, 3]","[3, 3, 3]"
realamprandom_indep_qiskit_9,9,702,693,585,3,1.1,4,77.0,99.0,1.2857142857142858,3.590015172958374,0.051629066467285156,QUBIT-LEVEL,"[4, 4, 1]","[4, 4, 4]"
realamprandom_indep_qiskit_9,9,702,693,585,3,1.2,4,77.0,99.0,1.2857142857142858,3.627681016921997,0.049767255783081055,QUBIT-LEVEL,"[4, 4, 1]","[4, 4, 4]"
ae_indep_qiskit_2,2,21,19,17,3,1.0,1,3.0,4.0,1.3333333333333333,0.0003829002380371094,0.00016307830810546875,QUBIT-LEVEL,"[1, 1, 0]","[1, 1, 1]"
ae_indep_qiskit_2,2,21,19,17,3,1.1,1,3.0,4.0,1.3333333333333333,0.00030422210693359375,0.00014901161193847656,QUBIT-LEVEL,"[1, 1, 0]","[1, 1, 1]"
ae_indep_qiskit_2,2,21,19,17,3,1.2,1,3.0,4.0,1.3333333333333333,0.0002849102020263672,0.00014400482177734375,QUBIT-LEVEL,"[1, 1, 0]","[1, 1, 1]"
qft_indep_qiskit_2,2,18,16,14,3,1.0,1,3.0,6.0,2.0,0.00027489662170410156,0.00011801719665527344,QUBIT-LEVEL,"[1, 1, 0]","[1, 1, 1]"
qft_indep_qiskit_2,2,18,16,14,3,1.1,1,3.0,6.0,2.0,0.0002830028533935547,0.00011396408081054688,QUBIT-LEVEL,"[1, 1, 0]","[1, 1, 1]"
qft_indep_qiskit_2,2,18,16,14,3,1.2,1,3.0,6.0,2.0,0.0002689361572265625,0.00011324882507324219,QUBIT-LEVEL,"[1, 1, 0]","[1, 1, 1]"
graphstate_indep_qiskit_9,9,81,72,63,3,1.0,3,10.0,10.0,1.0,0.08638477325439453,0.0010709762573242188,QUBIT-LEVEL,"[3, 3, 3]","[3, 3, 3]"
graphstate_indep_qiskit_9,9,81,72,63,3,1.1,4,7.0,15.0,2.142857142857143,0.4210500717163086,0.0008640289306640625,QUBIT-LEVEL,"[4, 4, 1]","[4, 4, 4]"
graphstate_indep_qiskit_9,9,81,72,63,3,1.2,4,7.0,15.0,2.142857142857143,0.425199031829834,0.0009710788726806641,QUBIT-LEVEL,"[4, 4, 1]","[4, 4, 4]"
ae_indep_qiskit_12,12,531,519,442,3,1.0,4,64.0,78.0,1.21875,9.235669136047363,0.03864479064941406,QUBIT-LEVEL,"[4, 4, 4]","[4, 4, 4]"
ae_indep_qiskit_12,12,531,519,442,3,1.1,5,59.0,83.0,1.4067796610169492,61.28623986244202,0.031899213790893555,QUBIT-LEVEL,"[5, 5, 2]","[5, 5, 5]"
ae_indep_qiskit_12,12,531,519,442,3,1.2,5,59.0,83.0,1.4067796610169492,61.037415981292725,0.03160405158996582,QUBIT-LEVEL,"[5, 5, 2]","[5, 5, 5]"
graphstate_indep_qiskit_8,8,72,64,56,3,1.0,3,7.0,12.0,1.7142857142857142,0.06214594841003418,0.0008137226104736328,QUBIT-LEVEL,"[3, 3, 2]","[3, 3, 3]"
graphstate_indep_qiskit_8,8,72,64,56,3,1.1,3,7.0,12.0,1.7142857142857142,0.06171703338623047,0.0008068084716796875,QUBIT-LEVEL,"[3, 3, 2]","[3, 3, 3]"
graphstate_indep_qiskit_8,8,72,64,56,3,1.2,4,6.0,14.0,2.3333333333333335,0.15998220443725586,0.0006411075592041016,QUBIT-LEVEL,"[4, 4, 0]","[4, 4, 4]"
qft_indep_qiskit_3,3,33,30,26,3,1.0,1,6.0,6.0,1.0,0.00036406517028808594,0.0002589225769042969,QUBIT-LEVEL,"[1, 1, 1]","[1, 1, 1]"
qft_indep_qiskit_3,3,33,30,26,3,1.1,2,3.0,11.0,3.6666666666666665,0.0006239414215087891,0.00022482872009277344,QUBIT-LEVEL,"[2, 1, 0]","[2, 2, 2]"
qft_indep_qiskit_3,3,33,30,26,3,1.2,2,3.0,11.0,3.6666666666666665,0.0006129741668701172,0.00022101402282714844,QUBIT-LEVEL,"[2, 1, 0]","[2, 2, 2]"
su2random_indep_qiskit_10,10,870,860,725,3,1.0,4,102.0,106.0,1.0392156862745099,8.795881032943726,0.06967687606811523,QUBIT-LEVEL,"[4, 4, 2]","[4, 4, 4]"
su2random_indep_qiskit_10,10,870,860,725,3,1.1,4,102.0,106.0,1.0392156862745099,8.80399775505066,0.07056093215942383,QUBIT-LEVEL,"[4, 4, 2]","[4, 4, 4]"
su2random_indep_qiskit_10,10,870,860,725,3,1.2,4,102.0,106.0,1.0392156862745099,8.815768003463745,0.06929898262023926,QUBIT-LEVEL,"[4, 4, 2]","[4, 4, 4]"
ae_indep_qiskit_3,3,45,42,37,3,1.0,1,7.0,8.0,1.1428571428571428,0.00047516822814941406,0.00043272972106933594,QUBIT-LEVEL,"[1, 1, 1]","[1, 1, 1]"
ae_indep_qiskit_3,3,45,42,37,3,1.1,2,4.0,17.0,4.25,0.0007710456848144531,0.0003211498260498047,QUBIT-LEVEL,"[2, 1, 0]","[2, 2, 2]"
ae_indep_qiskit_3,3,45,42,37,3,1.2,2,4.0,17.0,4.25,0.0007548332214355469,0.0003230571746826172,QUBIT-LEVEL,"[2, 1, 0]","[2, 2, 2]"
realamprandom_indep_qiskit_8,8,552,544,460,3,1.0,3,68.0,56.0,0.8235294117647058,0.4258763790130615,0.037027835845947266,QUBIT-LEVEL,"[3, 3, 2]","[3, 3, 3]"
realamprandom_indep_qiskit_8,8,552,544,460,3,1.1,3,68.0,56.0,0.8235294117647058,0.4310142993927002,0.036228179931640625,QUBIT-LEVEL,"[3, 3, 2]","[3, 3, 3]"
realamprandom_indep_qiskit_8,8,552,544,460,3,1.2,4,52.0,75.0,1.4423076923076923,1.2009711265563965,0.02794623374938965,QUBIT-LEVEL,"[4, 4, 0]","[4, 4, 4]"
su2random_indep_qiskit_6,6,306,300,255,3,1.0,2,40.0,23.0,0.575,0.013957977294921875,0.014015913009643555,QUBIT-LEVEL,"[2, 2, 2]","[2, 2, 2]"
su2random_indep_qiskit_6,6,306,300,255,3,1.1,3,30.0,56.0,1.8666666666666667,0.07111287117004395,0.011639118194580078,QUBIT-LEVEL,"[3, 3, 0]","[3, 3, 3]"
su2random_indep_qiskit_6,6,306,300,255,3,1.2,3,30.0,56.0,1.8666666666666667,0.07154417037963867,0.011715173721313477,QUBIT-LEVEL,"[3, 3, 0]","[3, 3, 3]"
ghz_indep_qiskit_8,8,59,51,44,3,1.0,3,7.0,7.0,1.0,0.05209684371948242,0.0005028247833251953,QUBIT-LEVEL,"[3, 3, 2]","[3, 3, 3]"
ghz_indep_qiskit_8,8,59,51,44,3,1.1,3,7.0,7.0,1.0,0.05188298225402832,0.0004928112030029297,QUBIT-LEVEL,"[3, 3, 2]","[3, 3, 3]"
ghz_indep_qiskit_8,8,59,51,44,3,1.2,4,5.0,13.0,2.6,0.1319141387939453,0.0003790855407714844,QUBIT-LEVEL,"[4, 4, 0]","[4, 4, 4]"
twolocalrandom_indep_qiskit_9,9,702,693,585,3,1.0,3,87.0,57.0,0.6551724137931034,0.5553679466247559,0.0618586540222168,QUBIT-LEVEL,"[3, 3, 3]","[3, 3, 3]"
twolocalrandom_indep_qiskit_9,9,702,693,585,3,1.1,4,77.0,99.0,1.2857142857142858,3.6160190105438232,0.04935121536254883,QUBIT-LEVEL,"[4, 4, 1]","[4, 4, 4]"
twolocalrandom_indep_qiskit_9,9,702,693,585,3,1.2,4,77.0,99.0,1.2857142857142858,3.600533962249756,0.04916882514953613,QUBIT-LEVEL,"[4, 4, 1]","[4, 4, 4]"
graphstate_indep_qiskit_10,10,90,80,70,3,1.0,4,8.0,16.0,2.0,0.938605785369873,0.001043081283569336,QUBIT-LEVEL,"[4, 3, 3]","[4, 4, 4]"
graphstate_indep_qiskit_10,10,90,80,70,3,1.1,4,8.0,16.0,2.0,0.941234827041626,0.0010581016540527344,QUBIT-LEVEL,"[4, 3, 3]","[4, 4, 4]"
graphstate_indep_qiskit_10,10,90,80,70,3,1.2,4,8.0,16.0,2.0,0.9360229969024658,0.0010957717895507812,QUBIT-LEVEL,"[4, 3, 3]","[4, 4, 4]"
qaoa_indep_qiskit_8,8,136,128,112,3,1.0,3,11.0,15.0,1.3636363636363635,0.11095809936523438,0.002370119094848633,QUBIT-LEVEL,"[3, 3, 2]","[3, 3, 3]"
qaoa_indep_qiskit_8,8,136,128,112,3,1.1,3,11.0,15.0,1.3636363636363635,0.1105649471282959,0.002624988555908203,QUBIT-LEVEL,"[3, 3, 2]","[3, 3, 3]"
qaoa_indep_qiskit_8,8,136,128,112,3,1.2,4,8.0,21.0,2.625,0.30907106399536133,0.0018088817596435547,QUBIT-LEVEL,"[4, 4, 0]","[4, 4, 4]"
grover-v-chain_indep_qiskit_5,5,642,637,532,3,1.0,2,69.0,118.0,1.710144927536232,0.027210235595703125,0.06571817398071289,QUBIT-LEVEL,"[2, 2, 1]","[2, 2, 2]"
grover-v-chain_indep_qiskit_5,5,642,637,532,3,1.1,2,69.0,118.0,1.710144927536232,0.027354001998901367,0.06707882881164551,QUBIT-LEVEL,"[2, 2, 1]","[2, 2, 2]"
grover-v-chain_indep_qiskit_5,5,642,637,532,3,1.2,2,69.0,118.0,1.710144927536232,0.027956008911132812,0.06573224067687988,QUBIT-LEVEL,"[2, 2, 1]","[2, 2, 2]"
pricingcall_indep_qiskit_11,11,654,643,538,3,1.0,4,39.0,106.0,2.717948717948718,10.549101829528809,0.059432029724121094,QUBIT-LEVEL,"[4, 4, 3]","[4, 4, 4]"
pricingcall_indep_qiskit_11,11,654,643,538,3,1.1,5,34.0,115.0,3.3823529411764706,33.47966194152832,0.04101872444152832,QUBIT-LEVEL,"[5, 5, 1]","[5, 5, 5]"
pricingcall_indep_qiskit_11,11,654,643,538,3,1.2,5,34.0,115.0,3.3823529411764706,33.408746004104614,0.04119396209716797,QUBIT-LEVEL,"[5, 5, 1]","[5, 5, 5]"
qpeexact_indep_qiskit_6,6,118,113,96,3,1.0,2,14.0,14.0,1.0,0.006011962890625,0.0022690296173095703,QUBIT-LEVEL,"[2, 2, 2]","[2, 2, 2]"
qpeexact_indep_qiskit_6,6,118,113,96,3,1.1,3,10.0,23.0,2.3,0.027977943420410156,0.0014929771423339844,QUBIT-LEVEL,"[3, 3, 0]","[3, 3, 3]"
qpeexact_indep_qiskit_6,6,118,113,96,3,1.2,3,10.0,23.0,2.3,0.028107881546020508,0.0015308856964111328,QUBIT-LEVEL,"[3, 3, 0]","[3, 3, 3]"
random_indep_qiskit_2,2,45,43,38,3,1.0,1,6.0,8.0,1.3333333333333333,0.00041604042053222656,0.00041413307189941406,QUBIT-LEVEL,"[1, 1, 0]","[1, 1, 1]"
random_indep_qiskit_2,2,45,43,38,3,1.1,1,6.0,8.0,1.3333333333333333,0.0003829002380371094,0.0004019737243652344,QUBIT-LEVEL,"[1, 1, 0]","[1, 1, 1]"
random_indep_qiskit_2,2,45,43,38,3,1.2,1,6.0,8.0,1.3333333333333333,0.000370025634765625,0.0004048347473144531,QUBIT-LEVEL,"[1, 1, 0]","[1, 1, 1]"
portfoliovqe_indep_qiskit_5,5,210,205,175,3,1.0,2,27.0,27.0,1.0,0.009367942810058594,0.006079912185668945,QUBIT-LEVEL,"[2, 2, 1]","[2, 2, 2]"
portfoliovqe_indep_qiskit_5,5,210,205,175,3,1.1,2,27.0,27.0,1.0,0.009390115737915039,0.006665945053100586,QUBIT-LEVEL,"[2, 2, 1]","[2, 2, 2]"
portfoliovqe_indep_qiskit_5,5,210,205,175,3,1.2,2,27.0,27.0,1.0,0.009293079376220703,0.006610870361328125,QUBIT-LEVEL,"[2, 2, 1]","[2, 2, 2]"
qnn_indep_qiskit_5,5,314,309,265,3,1.0,2,37.0,41.0,1.1081081081081081,0.013932228088378906,0.01402902603149414,QUBIT-LEVEL,"[2, 2, 1]","[2, 2, 2]"
qnn_indep_qiskit_5,5,314,309,265,3,1.1,2,37.0,41.0,1.1081081081081081,0.013631105422973633,0.014278173446655273,QUBIT-LEVEL,"[2, 2, 1]","[2, 2, 2]"
qnn_indep_qiskit_5,5,314,309,265,3,1.2,2,37.0,41.0,1.1081081081081081,0.013724327087402344,0.013943910598754883,QUBIT-LEVEL,"[2, 2, 1]","[2, 2, 2]"
dj_indep_qiskit_10,10,92,83,73,3,1.0,4,11.0,14.0,1.2727272727272727,0.98097825050354,0.0009288787841796875,QUBIT-LEVEL,"[4, 4, 2]","[4, 4, 4]"
dj_indep_qiskit_10,10,92,83,73,3,1.1,4,11.0,14.0,1.2727272727272727,0.9629812240600586,0.0009119510650634766,QUBIT-LEVEL,"[4, 4, 2]","[4, 4, 4]"
dj_indep_qiskit_10,10,92,83,73,3,1.2,4,11.0,14.0,1.2727272727272727,0.9603452682495117,0.0009310245513916016,QUBIT-LEVEL,"[4, 4, 2]","[4, 4, 4]"
dj_indep_qiskit_11,11,102,92,81,3,1.0,4,13.0,19.0,1.4615384615384615,1.8167638778686523,0.0011022090911865234,QUBIT-LEVEL,"[4, 4, 3]","[4, 4, 4]"
dj_indep_qiskit_11,11,102,92,81,3,1.1,5,11.0,20.0,1.8181818181818181,5.313059091567993,0.0009779930114746094,QUBIT-LEVEL,"[5, 5, 1]","[5, 5, 5]"
dj_indep_qiskit_11,11,102,92,81,3,1.2,5,11.0,20.0,1.8181818181818181,5.381542205810547,0.0009670257568359375,QUBIT-LEVEL,"[5, 5, 1]","[5, 5, 5]"
qnn_indep_qiskit_4,4,198,194,167,3,1.0,2,19.0,38.0,2.0,0.0054051876068115234,0.0046350955963134766,QUBIT-LEVEL,"[2, 2, 0]","[2, 2, 2]"
qnn_indep_qiskit_4,4,198,194,167,3,1.1,2,19.0,38.0,2.0,0.005511045455932617,0.004602909088134766,QUBIT-LEVEL,"[2, 2, 0]","[2, 2, 2]"
qnn_indep_qiskit_4,4,198,194,167,3,1.2,2,19.0,38.0,2.0,0.005454063415527344,0.004622697830200195,QUBIT-LEVEL,"[2, 2, 0]","[2, 2, 2]"
portfoliovqe_indep_qiskit_4,4,132,128,110,3,1.0,2,14.0,24.0,1.7142857142857142,0.003702878952026367,0.002270936965942383,QUBIT-LEVEL,"[2, 2, 0]","[2, 2, 2]"
portfoliovqe_indep_qiskit_4,4,132,128,110,3,1.1,2,14.0,24.0,1.7142857142857142,0.003770112991333008,0.002299785614013672,QUBIT-LEVEL,"[2, 2, 0]","[2, 2, 2]"
portfoliovqe_indep_qiskit_4,4,132,128,110,3,1.2,2,14.0,24.0,1.7142857142857142,0.0038771629333496094,0.0023889541625976562,QUBIT-LEVEL,"[2, 2, 0]","[2, 2, 2]"
random_indep_qiskit_3,3,60,57,49,3,1.0,1,9.0,9.0,1.0,0.0004909038543701172,0.0006232261657714844,QUBIT-LEVEL,"[1, 1, 1]","[1, 1, 1]"
random_indep_qiskit_3,3,60,57,49,3,1.1,2,5.0,17.0,3.4,0.0009629726409912109,0.0006270408630371094,QUBIT-LEVEL,"[2, 1, 0]","[2, 2, 2]"
random_indep_qiskit_3,3,60,57,49,3,1.2,2,5.0,17.0,3.4,0.0009679794311523438,0.0005288124084472656,QUBIT-LEVEL,"[2, 1, 0]","[2, 2, 2]"
qpeexact_indep_qiskit_7,7,158,152,129,3,1.0,3,17.0,20.0,1.1764705882352942,0.07863211631774902,0.003081083297729492,QUBIT-LEVEL,"[3, 3, 1]","[3, 3, 3]"
qpeexact_indep_qiskit_7,7,158,152,129,3,1.1,3,17.0,20.0,1.1764705882352942,0.07714629173278809,0.002981901168823242,QUBIT-LEVEL,"[3, 3, 1]","[3, 3, 3]"
qpeexact_indep_qiskit_7,7,158,152,129,3,1.2,3,17.0,20.0,1.1764705882352942,0.07692503929138184,0.002962827682495117,QUBIT-LEVEL,"[3, 3, 1]","[3, 3, 3]"
grover-v-chain_indep_qiskit_4,4,198,194,164,3,1.0,2,18.0,34.0,1.8888888888888888,0.005429983139038086,0.004652976989746094,QUBIT-LEVEL,"[2, 2, 0]","[2, 2, 2]"
grover-v-chain_indep_qiskit_4,4,198,194,164,3,1.1,2,18.0,34.0,1.8888888888888888,0.005296945571899414,0.004524946212768555,QUBIT-LEVEL,"[2, 2, 0]","[2, 2, 2]"
grover-v-chain_indep_qiskit_4,4,198,194,164,3,1.2,2,18.0,34.0,1.8888888888888888,0.005370140075683594,0.004455089569091797,QUBIT-LEVEL,"[2, 2, 0]","[2, 2, 2]"
qaoa_indep_qiskit_9,9,153,144,126,3,1.0,3,12.0,11.0,0.9166666666666666,0.14440512657165527,0.0026378631591796875,QUBIT-LEVEL,"[3, 3, 3]","[3, 3, 3]"
qaoa_indep_qiskit_9,9,153,144,126,3,1.1,4,11.0,15.0,1.3636363636363635,0.7748839855194092,0.002115964889526367,QUBIT-LEVEL,"[4, 4, 1]","[4, 4, 4]"
qaoa_indep_qiskit_9,9,153,144,126,3,1.2,4,11.0,15.0,1.3636363636363635,0.773792028427124,0.0021009445190429688,QUBIT-LEVEL,"[4, 4, 1]","[4, 4, 4]"
pricingcall_indep_qiskit_9,9,464,455,379,3,1.0,3,31.0,51.0,1.6451612903225807,0.3767988681793213,0.02980184555053711,QUBIT-LEVEL,"[3, 3, 3]","[3, 3, 3]"
pricingcall_indep_qiskit_9,9,464,455,379,3,1.1,4,25.0,71.0,2.84,2.330057144165039,0.02025604248046875,QUBIT-LEVEL,"[4, 4, 1]","[4, 4, 4]"
pricingcall_indep_qiskit_9,9,464,455,379,3,1.2,4,25.0,71.0,2.84,2.33183217048645,0.020424842834472656,QUBIT-LEVEL,"[4, 4, 1]","[4, 4, 4]"
graphstate_indep_qiskit_11,11,99,88,77,3,1.0,4,10.0,10.0,1.0,1.7686951160430908,0.0009951591491699219,QUBIT-LEVEL,"[4, 4, 3]","[4, 4, 4]"
graphstate_indep_qiskit_11,11,99,88,77,3,1.1,5,9.0,14.0,1.5555555555555556,5.1224589347839355,0.0008211135864257812,QUBIT-LEVEL,"[5, 5, 1]","[5, 5, 5]"
graphstate_indep_qiskit_11,11,99,88,77,3,1.2,5,9.0,14.0,1.5555555555555556,5.0703229904174805,0.0008220672607421875,QUBIT-LEVEL,"[5, 5, 1]","[5, 5, 5]"
twolocalrandom_indep_qiskit_8,8,552,544,460,3,1.0,3,68.0,56.0,0.8235294117647058,0.4254591464996338,0.036337852478027344,QUBIT-LEVEL,"[3, 3, 2]","[3, 3, 3]"
twolocalrandom_indep_qiskit_8,8,552,544,460,3,1.1,3,68.0,56.0,0.8235294117647058,0.4352850914001465,0.036614179611206055,QUBIT-LEVEL,"[3, 3, 2]","[3, 3, 3]"
twolocalrandom_indep_qiskit_8,8,552,544,460,3,1.2,4,52.0,75.0,1.4423076923076923,1.2191929817199707,0.03075408935546875,QUBIT-LEVEL,"[4, 4, 0]","[4, 4, 4]"
qpeexact_indep_qiskit_5,5,90,86,73,3,1.0,2,10.0,11.0,1.1,0.004316091537475586,0.0012617111206054688,QUBIT-LEVEL,"[2, 2, 1]","[2, 2, 2]"
qpeexact_indep_qiskit_5,5,90,86,73,3,1.1,2,10.0,11.0,1.1,0.004270076751708984,0.0012662410736083984,QUBIT-LEVEL,"[2, 2, 1]","[2, 2, 2]"
qpeexact_indep_qiskit_5,5,90,86,73,3,1.2,2,10.0,11.0,1.1,0.0042438507080078125,0.001241922378540039,QUBIT-LEVEL,"[2, 2, 1]","[2, 2, 2]"
twolocalrandom_indep_qiskit_10,10,870,860,725,3,1.0,4,102.0,106.0,1.0392156862745099,8.863237142562866,0.0699777603149414,QUBIT-LEVEL,"[4, 4, 2]","[4, 4, 4]"
twolocalrandom_indep_qiskit_10,10,870,860,725,3,1.1,4,102.0,106.0,1.0392156862745099,8.843217134475708,0.07001996040344238,QUBIT-LEVEL,"[4, 4, 2]","[4, 4, 4]"
twolocalrandom_indep_qiskit_10,10,870,860,725,3,1.2,4,102.0,106.0,1.0392156862745099,8.841964960098267,0.07561421394348145,QUBIT-LEVEL,"[4, 4, 2]","[4, 4, 4]"
portfoliovqe_indep_qiskit_6,6,306,300,255,3,1.0,2,40.0,23.0,0.575,0.01389002799987793,0.014132976531982422,QUBIT-LEVEL,"[2, 2, 2]","[2, 2, 2]"
portfoliovqe_indep_qiskit_6,6,306,300,255,3,1.1,3,30.0,56.0,1.8666666666666667,0.0710446834564209,0.011633872985839844,QUBIT-LEVEL,"[3, 3, 0]","[3, 3, 3]"
portfoliovqe_indep_qiskit_6,6,306,300,255,3,1.2,3,30.0,56.0,1.8666666666666667,0.07215690612792969,0.012022733688354492,QUBIT-LEVEL,"[3, 3, 0]","[3, 3, 3]"
qnn_indep_qiskit_6,6,456,450,385,3,1.0,2,54.0,37.0,0.6851851851851852,0.020406007766723633,0.031426191329956055,QUBIT-LEVEL,"[2, 2, 2]","[2, 2, 2]"
qnn_indep_qiskit_6,6,456,450,385,3,1.1,3,40.0,87.0,2.175,0.10668802261352539,0.02388906478881836,QUBIT-LEVEL,"[3, 3, 0]","[3, 3, 3]"
qnn_indep_qiskit_6,6,456,450,385,3,1.2,3,40.0,87.0,2.175,0.10585999488830566,0.024376869201660156,QUBIT-LEVEL,"[3, 3, 0]","[3, 3, 3]"
dj_indep_qiskit_12,12,112,101,89,3,1.0,4,15.0,22.0,1.4666666666666666,2.4648759365081787,0.0013310909271240234,QUBIT-LEVEL,"[4, 4, 4]","[4, 4, 4]"
dj_indep_qiskit_12,12,112,101,89,3,1.1,5,13.0,22.0,1.6923076923076923,13.103734731674194,0.0010912418365478516,QUBIT-LEVEL,"[5, 5, 2]","[5, 5, 5]"
dj_indep_qiskit_12,12,112,101,89,3,1.2,5,13.0,22.0,1.6923076923076923,13.098197937011719,0.0010869503021240234,QUBIT-LEVEL,"[5, 5, 2]","[5, 5, 5]"
groundstate_medium_indep_qiskit_12,12,852,840,708,3,1.0,4,104.0,56.0,0.5384615384615384,13.954577207565308,0.10273599624633789,QUBIT-LEVEL,"[4, 4, 4]","[4, 4, 4]"
groundstate_medium_indep_qiskit_12,12,852,840,708,3,1.1,5,97.0,82.0,0.845360824742268,97.94133114814758,0.0977180004119873,QUBIT-LEVEL,"[5, 5, 2]","[5, 5, 5]"
groundstate_medium_indep_qiskit_12,12,852,840,708,3,1.2,5,97.0,82.0,0.845360824742268,98.01620125770569,0.0876622200012207,QUBIT-LEVEL,"[5, 5, 2]","[5, 5, 5]"
qnn_indep_qiskit_7,7,624,617,527,3,1.0,3,66.0,86.0,1.303030303030303,0.3040590286254883,0.04363298416137695,QUBIT-LEVEL,"[3, 3, 1]","[3, 3, 3]"
qnn_indep_qiskit_7,7,624,617,527,3,1.1,3,66.0,86.0,1.303030303030303,0.3046529293060303,0.04288220405578613,QUBIT-LEVEL,"[3, 3, 1]","[3, 3, 3]"
qnn_indep_qiskit_7,7,624,617,527,3,1.2,3,66.0,86.0,1.303030303030303,0.30080699920654297,0.047202110290527344,QUBIT-LEVEL,"[3, 3, 1]","[3, 3, 3]"
portfoliovqe_indep_qiskit_7,7,420,413,350,3,1.0,3,49.0,55.0,1.1224489795918366,0.20437312126159668,0.018965959548950195,QUBIT-LEVEL,"[3, 3, 1]","[3, 3, 3]"
portfoliovqe_indep_qiskit_7,7,420,413,350,3,1.1,3,49.0,55.0,1.1224489795918366,0.20735692977905273,0.021879911422729492,QUBIT-LEVEL,"[3, 3, 1]","[3, 3, 3]"
portfoliovqe_indep_qiskit_7,7,420,413,350,3,1.2,3,49.0,55.0,1.1224489795918366,0.20394325256347656,0.01910686492919922,QUBIT-LEVEL,"[3, 3, 1]","[3, 3, 3]"
qpeexact_indep_qiskit_4,4,44,41,35,3,1.0,2,4.0,10.0,2.5,0.0014841556549072266,0.00033211708068847656,QUBIT-LEVEL,"[2, 2, 0]","[2, 2, 2]"
qpeexact_indep_qiskit_4,4,44,41,35,3,1.1,2,4.0,10.0,2.5,0.0014400482177734375,0.0003173351287841797,QUBIT-LEVEL,"[2, 2, 0]","[2, 2, 2]"
qpeexact_indep_qiskit_4,4,44,41,35,3,1.2,2,4.0,10.0,2.5,0.0014331340789794922,0.0003380775451660156,QUBIT-LEVEL,"[2, 2, 0]","[2, 2, 2]"
routing_indep_qiskit_12,12,270,258,225,3,1.0,4,14.0,24.0,1.7142857142857142,5.026110887527466,0.010532140731811523,QUBIT-LEVEL,"[4, 4, 4]","[4, 4, 4]"
routing_indep_qiskit_12,12,270,258,225,3,1.1,5,13.0,34.0,2.6153846153846154,31.095361709594727,0.005592823028564453,QUBIT-LEVEL,"[5, 5, 2]","[5, 5, 5]"
routing_indep_qiskit_12,12,270,258,225,3,1.2,5,13.0,34.0,2.6153846153846154,31.174297094345093,0.005702972412109375,QUBIT-LEVEL,"[5, 5, 2]","[5, 5, 5]"
graphstate_indep_qiskit_12,12,108,96,84,3,1.0,4,11.0,9.0,0.8181818181818182,2.3730647563934326,0.0012280941009521484,QUBIT-LEVEL,"[4, 4, 4]","[4, 4, 4]"
graphstate_indep_qiskit_12,12,108,96,84,3,1.1,5,10.0,10.0,1.0,12.6268789768219,0.0008399486541748047,QUBIT-LEVEL,"[5, 5, 2]","[5, 5, 5]"
graphstate_indep_qiskit_12,12,108,96,84,3,1.2,5,10.0,10.0,1.0,12.660114049911499,0.0008399486541748047,QUBIT-LEVEL,"[5, 5, 2]","[5, 5, 5]"
portfolioqaoa_indep_qiskit_3,3,72,69,60,3,1.0,1,11.0,11.0,1.0,0.0005571842193603516,0.0008068084716796875,QUBIT-LEVEL,"[1, 1, 1]","[1, 1, 1]"
portfolioqaoa_indep_qiskit_3,3,72,69,60,3,1.1,2,7.0,22.0,3.142857142857143,0.0010750293731689453,0.0006608963012695312,QUBIT-LEVEL,"[2, 1, 0]","[2, 2, 2]"
portfolioqaoa_indep_qiskit_3,3,72,69,60,3,1.2,2,7.0,22.0,3.142857142857143,0.0010559558868408203,0.0006890296936035156,QUBIT-LEVEL,"[2, 1, 0]","[2, 2, 2]"
portfolioqaoa_indep_qiskit_7,7,420,413,350,3,1.0,3,49.0,55.0,1.1224489795918366,0.20249676704406738,0.01894402503967285,QUBIT-LEVEL,"[3, 3, 1]","[3, 3, 3]"
portfolioqaoa_indep_qiskit_7,7,420,413,350,3,1.1,3,49.0,55.0,1.1224489795918366,0.20163893699645996,0.018877029418945312,QUBIT-LEVEL,"[3, 3, 1]","[3, 3, 3]"
portfolioqaoa_indep_qiskit_7,7,420,413,350,3,1.2,3,49.0,55.0,1.1224489795918366,0.20346713066101074,0.01891493797302246,QUBIT-LEVEL,"[3, 3, 1]","[3, 3, 3]"
qwalk-v-chain_indep_qiskit_9,9,949,940,742,3,1.0,3,84.0,146.0,1.7380952380952381,0.7445290088653564,0.1349930763244629,QUBIT-LEVEL,"[3, 3, 3]","[3, 3, 3]"
qwalk-v-chain_indep_qiskit_9,9,949,940,742,3,1.1,4,71.0,139.0,1.9577464788732395,4.826127052307129,0.1139979362487793,QUBIT-LEVEL,"[4, 4, 1]","[4, 4, 4]"
qwalk-v-chain_indep_qiskit_9,9,949,940,742,3,1.2,4,71.0,139.0,1.9577464788732395,4.750264883041382,0.11380672454833984,QUBIT-LEVEL,"[4, 4, 1]","[4, 4, 4]"
grover-v-chain_indep_qiskit_3,3,49,46,40,3,1.0,1,8.0,9.0,1.125,0.0004904270172119141,0.0004620552062988281,QUBIT-LEVEL,"[1, 1, 1]","[1, 1, 1]"
grover-v-chain_indep_qiskit_3,3,49,46,40,3,1.1,2,4.0,13.0,3.25,0.0008111000061035156,0.0003807544708251953,QUBIT-LEVEL,"[2, 1, 0]","[2, 2, 2]"
grover-v-chain_indep_qiskit_3,3,49,46,40,3,1.2,2,4.0,13.0,3.25,0.0007927417755126953,0.0003769397735595703,QUBIT-LEVEL,"[2, 1, 0]","[2, 2, 2]"
tsp_indep_qiskit_9,9,312,303,263,3,1.0,3,16.0,41.0,2.5625,0.2657620906829834,0.012179136276245117,QUBIT-LEVEL,"[3, 3, 3]","[3, 3, 3]"
tsp_indep_qiskit_9,9,312,303,263,3,1.1,4,15.0,53.0,3.533333333333333,1.5921831130981445,0.009450197219848633,QUBIT-LEVEL,"[4, 4, 1]","[4, 4, 4]"
tsp_indep_qiskit_9,9,312,303,263,3,1.2,4,15.0,53.0,3.533333333333333,1.6035120487213135,0.009444952011108398,QUBIT-LEVEL,"[4, 4, 1]","[4, 4, 4]"
portfoliovqe_indep_qiskit_3,3,72,69,60,3,1.0,1,11.0,11.0,1.0,0.0005629062652587891,0.0008039474487304688,QUBIT-LEVEL,"[1, 1, 1]","[1, 1, 1]"
portfoliovqe_indep_qiskit_3,3,72,69,60,3,1.1,2,7.0,22.0,3.142857142857143,0.0010640621185302734,0.0006730556488037109,QUBIT-LEVEL,"[2, 1, 0]","[2, 2, 2]"
portfoliovqe_indep_qiskit_3,3,72,69,60,3,1.2,2,7.0,22.0,3.142857142857143,0.0010542869567871094,0.0007627010345458984,QUBIT-LEVEL,"[2, 1, 0]","[2, 2, 2]"
random_indep_qiskit_4,4,142,138,120,3,1.0,2,11.0,28.0,2.5454545454545454,0.003974199295043945,0.0024378299713134766,QUBIT-LEVEL,"[2, 2, 0]","[2, 2, 2]"
random_indep_qiskit_4,4,142,138,120,3,1.1,2,11.0,28.0,2.5454545454545454,0.003973960876464844,0.0024552345275878906,QUBIT-LEVEL,"[2, 2, 0]","[2, 2, 2]"
random_indep_qiskit_4,4,142,138,120,3,1.2,2,11.0,28.0,2.5454545454545454,0.00395965576171875,0.002485990524291992,QUBIT-LEVEL,"[2, 2, 0]","[2, 2, 2]"
qnn_indep_qiskit_3,3,108,105,91,3,1.0,1,16.0,17.0,1.0625,0.0006520748138427734,0.0017328262329101562,QUBIT-LEVEL,"[1, 1, 1]","[1, 1, 1]"
qnn_indep_qiskit_3,3,108,105,91,3,1.1,2,10.0,31.0,3.1,0.0015192031860351562,0.0014369487762451172,QUBIT-LEVEL,"[2, 1, 0]","[2, 2, 2]"
qnn_indep_qiskit_3,3,108,105,91,3,1.2,2,10.0,31.0,3.1,0.001497030258178711,0.0014431476593017578,QUBIT-LEVEL,"[2, 1, 0]","[2, 2, 2]"
pricingput_indep_qiskit_11,11,660,649,544,3,1.0,4,39.0,109.0,2.7948717948717947,10.715828895568848,0.05977296829223633,QUBIT-LEVEL,"[4, 4, 3]","[4, 4, 4]"
pricingput_indep_qiskit_11,11,660,649,544,3,1.1,5,34.0,116.0,3.411764705882353,33.79297590255737,0.04206728935241699,QUBIT-LEVEL,"[5, 5, 1]","[5, 5, 5]"
pricingput_indep_qiskit_11,11,660,649,544,3,1.2,5,34.0,116.0,3.411764705882353,33.912129163742065,0.04243922233581543,QUBIT-LEVEL,"[5, 5, 1]","[5, 5, 5]"
qnn_indep_qiskit_2,2,44,42,37,3,1.0,1,6.0,7.0,1.1666666666666667,0.0004870891571044922,0.0004439353942871094,QUBIT-LEVEL,"[1, 1, 0]","[1, 1, 1]"
qnn_indep_qiskit_2,2,44,42,37,3,1.1,1,6.0,7.0,1.1666666666666667,0.0004100799560546875,0.0004169940948486328,QUBIT-LEVEL,"[1, 1, 0]","[1, 1, 1]"
qnn_indep_qiskit_2,2,44,42,37,3,1.2,1,6.0,7.0,1.1666666666666667,0.0003871917724609375,0.00041103363037109375,QUBIT-LEVEL,"[1, 1, 0]","[1, 1, 1]"
random_indep_qiskit_5,5,187,182,157,3,1.0,2,20.0,24.0,1.2,0.00858759880065918,0.004339933395385742,QUBIT-LEVEL,"[2, 2, 1]","[2, 2, 2]"
random_indep_qiskit_5,5,187,182,157,3,1.1,2,20.0,24.0,1.2,0.0084381103515625,0.0042879581451416016,QUBIT-LEVEL,"[2, 2, 1]","[2, 2, 2]"
random_indep_qiskit_5,5,187,182,157,3,1.2,2,20.0,24.0,1.2,0.008348941802978516,0.004256725311279297,QUBIT-LEVEL,"[2, 2, 1]","[2, 2, 2]"
grover-v-chain_indep_qiskit_2,2,6,4,4,3,1.0,1,1.0,2.0,2.0,0.0002751350402832031,4.220008850097656e-05,QUBIT-LEVEL,"[1, 1, 0]","[1, 1, 1]"
grover-v-chain_indep_qiskit_2,2,6,4,4,3,1.1,1,1.0,2.0,2.0,0.0002510547637939453,5.0067901611328125e-05,QUBIT-LEVEL,"[1, 1, 0]","[1, 1, 1]"
grover-v-chain_indep_qiskit_2,2,6,4,4,3,1.2,1,1.0,2.0,2.0,0.00028705596923828125,4.982948303222656e-05,QUBIT-LEVEL,"[1, 1, 0]","[1, 1, 1]"
portfolioqaoa_indep_qiskit_6,6,306,300,255,3,1.0,2,40.0,23.0,0.575,0.014001131057739258,0.014764070510864258,QUBIT-LEVEL,"[2, 2, 2]","[2, 2, 2]"
portfolioqaoa_indep_qiskit_6,6,306,300,255,3,1.1,3,30.0,56.0,1.8666666666666667,0.07423591613769531,0.012328147888183594,QUBIT-LEVEL,"[3, 3, 0]","[3, 3, 3]"
portfolioqaoa_indep_qiskit_6,6,306,300,255,3,1.2,3,30.0,56.0,1.8666666666666667,0.07190895080566406,0.012305259704589844,QUBIT-LEVEL,"[3, 3, 0]","[3, 3, 3]"
portfolioqaoa_indep_qiskit_4,4,132,128,110,3,1.0,2,14.0,24.0,1.7142857142857142,0.003670930862426758,0.0022878646850585938,QUBIT-LEVEL,"[2, 2, 0]","[2, 2, 2]"
portfolioqaoa_indep_qiskit_4,4,132,128,110,3,1.1,2,14.0,24.0,1.7142857142857142,0.003596067428588867,0.002277851104736328,QUBIT-LEVEL,"[2, 2, 0]","[2, 2, 2]"
portfolioqaoa_indep_qiskit_4,4,132,128,110,3,1.2,2,14.0,24.0,1.7142857142857142,0.003659963607788086,0.0022940635681152344,QUBIT-LEVEL,"[2, 2, 0]","[2, 2, 2]"
qpeexact_indep_qiskit_3,3,28,26,22,3,1.0,1,4.0,5.0,1.25,0.0003609657287597656,0.0002181529998779297,QUBIT-LEVEL,"[1, 1, 1]","[1, 1, 1]"
qpeexact_indep_qiskit_3,3,28,26,22,3,1.1,2,1.0,8.0,8.0,0.0005831718444824219,0.00017189979553222656,QUBIT-LEVEL,"[2, 1, 0]","[2, 2, 2]"
qpeexact_indep_qiskit_3,3,28,26,22,3,1.2,2,1.0,8.0,8.0,0.0005810260772705078,0.00016880035400390625,QUBIT-LEVEL,"[2, 1, 0]","[2, 2, 2]"
random_indep_qiskit_7,7,354,347,300,3,1.0,3,28.0,40.0,1.4285714285714286,0.17158222198486328,0.013912200927734375,QUBIT-LEVEL,"[3, 3, 1]","[3, 3, 3]"
random_indep_qiskit_7,7,354,347,300,3,1.1,3,28.0,40.0,1.4285714285714286,0.1821613311767578,0.014146089553833008,QUBIT-LEVEL,"[3, 3, 1]","[3, 3, 3]"
random_indep_qiskit_7,7,354,347,300,3,1.2,3,28.0,40.0,1.4285714285714286,0.1756291389465332,0.013178110122680664,QUBIT-LEVEL,"[3, 3, 1]","[3, 3, 3]"
qpeinexact_indep_qiskit_8,8,216,209,177,3,1.0,3,25.0,22.0,0.88,0.17368817329406738,0.006490230560302734,QUBIT-LEVEL,"[3, 3, 2]","[3, 3, 3]"
qpeinexact_indep_qiskit_8,8,216,209,177,3,1.1,3,25.0,22.0,0.88,0.17385005950927734,0.006526947021484375,QUBIT-LEVEL,"[3, 3, 2]","[3, 3, 3]"
qpeinexact_indep_qiskit_8,8,216,209,177,3,1.2,4,19.0,37.0,1.9473684210526316,0.49298691749572754,0.0048520565032958984,QUBIT-LEVEL,"[4, 4, 0]","[4, 4, 4]"
wstate_indep_qiskit_8,8,115,107,93,3,1.0,3,9.0,16.0,1.7777777777777777,0.09653091430664062,0.0020890235900878906,QUBIT-LEVEL,"[3, 3, 2]","[3, 3, 3]"
wstate_indep_qiskit_8,8,115,107,93,3,1.1,3,9.0,16.0,1.7777777777777777,0.10002684593200684,0.002007007598876953,QUBIT-LEVEL,"[3, 3, 2]","[3, 3, 3]"
wstate_indep_qiskit_8,8,115,107,93,3,1.2,4,6.0,14.0,2.3333333333333335,0.26540231704711914,0.001138925552368164,QUBIT-LEVEL,"[4, 4, 0]","[4, 4, 4]"
wstate_indep_qiskit_9,9,131,122,106,3,1.0,3,10.0,16.0,1.6,0.1243739128112793,0.002582073211669922,QUBIT-LEVEL,"[3, 3, 3]","[3, 3, 3]"
wstate_indep_qiskit_9,9,131,122,106,3,1.1,4,9.0,14.0,1.5555555555555556,0.6904110908508301,0.0018818378448486328,QUBIT-LEVEL,"[4, 4, 1]","[4, 4, 4]"
wstate_indep_qiskit_9,9,131,122,106,3,1.2,4,9.0,14.0,1.5555555555555556,0.6742069721221924,0.001703023910522461,QUBIT-LEVEL,"[4, 4, 1]","[4, 4, 4]"
qpeinexact_indep_qiskit_9,9,274,266,225,3,1.0,3,33.0,25.0,0.7575757575757576,0.23231792449951172,0.010946035385131836,QUBIT-LEVEL,"[3, 3, 3]","[3, 3, 3]"
qpeinexact_indep_qiskit_9,9,274,266,225,3,1.1,4,28.0,46.0,1.6428571428571428,1.3884782791137695,0.008213996887207031,QUBIT-LEVEL,"[4, 4, 1]","[4, 4, 4]"
qpeinexact_indep_qiskit_9,9,274,266,225,3,1.2,4,28.0,46.0,1.6428571428571428,1.3823480606079102,0.008238077163696289,QUBIT-LEVEL,"[4, 4, 1]","[4, 4, 4]"
random_indep_qiskit_6,6,242,236,204,3,1.0,2,26.0,31.0,1.1923076923076923,0.011122941970825195,0.008160829544067383,QUBIT-LEVEL,"[2, 2, 2]","[2, 2, 2]"
random_indep_qiskit_6,6,242,236,204,3,1.1,3,15.0,41.0,2.7333333333333334,0.05663013458251953,0.005677938461303711,QUBIT-LEVEL,"[3, 3, 0]","[3, 3, 3]"
random_indep_qiskit_6,6,242,236,204,3,1.2,3,15.0,41.0,2.7333333333333334,0.05651712417602539,0.005644083023071289,QUBIT-LEVEL,"[3, 3, 0]","[3, 3, 3]"
qpeexact_indep_qiskit_2,2,12,11,9,3,1.0,1,1.0,3.0,3.0,0.0002799034118652344,8.20159912109375e-05,QUBIT-LEVEL,"[1, 1, 0]","[1, 1, 1]"
qpeexact_indep_qiskit_2,2,12,11,9,3,1.1,1,1.0,3.0,3.0,0.0002570152282714844,7.200241088867188e-05,QUBIT-LEVEL,"[1, 1, 0]","[1, 1, 1]"
qpeexact_indep_qiskit_2,2,12,11,9,3,1.2,1,1.0,3.0,3.0,0.00025010108947753906,7.009506225585938e-05,QUBIT-LEVEL,"[1, 1, 0]","[1, 1, 1]"
portfolioqaoa_indep_qiskit_5,5,210,205,175,3,1.0,2,27.0,27.0,1.0,0.009155988693237305,0.006131410598754883,QUBIT-LEVEL,"[2, 2, 1]","[2, 2, 2]"
portfolioqaoa_indep_qiskit_5,5,210,205,175,3,1.1,2,27.0,27.0,1.0,0.009184837341308594,0.006021738052368164,QUBIT-LEVEL,"[2, 2, 1]","[2, 2, 2]"
portfolioqaoa_indep_qiskit_5,5,210,205,175,3,1.2,2,27.0,27.0,1.0,0.009375810623168945,0.006081104278564453,QUBIT-LEVEL,"[2, 2, 1]","[2, 2, 2]"
