circuit,num_qubits,num_nodes,num_quantum_nodes,num_classical_nodes,num_edges,k,overhead,capacity,optimal_cost,heuristic_cost,ratio,brute_force_time,heuristic_time,method,optimal_qubit_counts,heuristic_qubit_counts,optimal_classical_counts,heuristic_classical_counts
qpeinexact_indep_qiskit_4,4,56,53,3,45,3,1.0,2,40.0,92.0,2.3,0.04987597465515137,0.0006101131439208984,QUBIT-LEVEL,"[2, 2, 0]","[2, 2, 2]","[2, 1, 0]","[3, 0, 0]"
qpeinexact_indep_qiskit_4,4,56,53,3,45,3,1.1,2,40.0,92.0,2.3,0.03852963447570801,0.0005640983581542969,QUBIT-LEVEL,"[2, 2, 0]","[2, 2, 2]","[2, 1, 0]","[3, 0, 0]"
qpeinexact_indep_qiskit_4,4,56,53,3,45,3,1.2,2,40.0,92.0,2.3,0.03850388526916504,0.0005450248718261719,QUBIT-LEVEL,"[2, 2, 0]","[2, 2, 2]","[2, 1, 0]","[3, 0, 0]"
qpeinexact_indep_qiskit_4,4,56,53,3,45,3,1.3,2,40.0,92.0,2.3,0.038244009017944336,0.0005278587341308594,QUBIT-LEVEL,"[2, 2, 0]","[2, 2, 2]","[2, 1, 0]","[3, 0, 0]"
qpeinexact_indep_qiskit_4,4,56,53,3,45,3,1.4,2,40.0,92.0,2.3,0.037911176681518555,0.0005609989166259766,QUBIT-LEVEL,"[2, 2, 0]","[2, 2, 2]","[2, 1, 0]","[3, 0, 0]"
qpeinexact_indep_qiskit_4,4,56,53,3,45,3,1.5,2,40.0,92.0,2.3,0.038340091705322266,0.0005371570587158203,QUBIT-LEVEL,"[2, 2, 0]","[2, 2, 2]","[2, 1, 0]","[3, 0, 0]"
wstate_indep_qiskit_4,4,51,47,4,41,3,1.0,2,20.0,84.0,4.2,0.10438299179077148,0.00046515464782714844,QUBIT-LEVEL,"[2, 2, 0]","[2, 2, 2]","[2, 2, 0]","[2, 0, 2]"
wstate_indep_qiskit_4,4,51,47,4,41,3,1.1,2,20.0,84.0,4.2,0.10408926010131836,0.00046706199645996094,QUBIT-LEVEL,"[2, 2, 0]","[2, 2, 2]","[2, 2, 0]","[2, 0, 2]"
wstate_indep_qiskit_4,4,51,47,4,41,3,1.2,2,20.0,84.0,4.2,0.10547089576721191,0.0005230903625488281,QUBIT-LEVEL,"[2, 2, 0]","[2, 2, 2]","[2, 2, 0]","[2, 0, 2]"
wstate_indep_qiskit_4,4,51,47,4,41,3,1.3,2,20.0,84.0,4.2,0.10499024391174316,0.0005419254302978516,QUBIT-LEVEL,"[2, 2, 0]","[2, 2, 2]","[2, 2, 0]","[2, 0, 2]"
wstate_indep_qiskit_4,4,51,47,4,41,3,1.4,2,20.0,84.0,4.2,0.10549616813659668,0.0005388259887695312,QUBIT-LEVEL,"[2, 2, 0]","[2, 2, 2]","[2, 2, 0]","[2, 0, 2]"
wstate_indep_qiskit_4,4,51,47,4,41,3,1.5,2,20.0,84.0,4.2,0.10549402236938477,0.0004971027374267578,QUBIT-LEVEL,"[2, 2, 0]","[2, 2, 2]","[2, 2, 0]","[2, 0, 2]"
wstate_indep_qiskit_5,5,67,62,5,54,3,1.0,2,40.0,124.0,3.1,0.6780750751495361,0.0008687973022460938,QUBIT-LEVEL,"[2, 2, 1]","[2, 2, 2]","[2, 2, 1]","[3, 0, 2]"
wstate_indep_qiskit_5,5,67,62,5,54,3,1.1,2,40.0,124.0,3.1,0.6763849258422852,0.0008640289306640625,QUBIT-LEVEL,"[2, 2, 1]","[2, 2, 2]","[2, 2, 1]","[3, 0, 2]"
wstate_indep_qiskit_5,5,67,62,5,54,3,1.2,2,40.0,124.0,3.1,0.6756041049957275,0.0008482933044433594,QUBIT-LEVEL,"[2, 2, 1]","[2, 2, 2]","[2, 2, 1]","[3, 0, 2]"
wstate_indep_qiskit_5,5,67,62,5,54,3,1.3,3,20.0,115.0,5.75,1.5605089664459229,0.00047898292541503906,QUBIT-LEVEL,"[3, 2, 0]","[3, 3, 3]","[3, 2, 0]","[2, 0, 3]"
wstate_indep_qiskit_5,5,67,62,5,54,3,1.4,3,20.0,115.0,5.75,1.5783166885375977,0.0004773139953613281,QUBIT-LEVEL,"[3, 2, 0]","[3, 3, 3]","[3, 2, 0]","[2, 0, 3]"
wstate_indep_qiskit_5,5,67,62,5,54,3,1.5,3,20.0,115.0,5.75,1.570073127746582,0.0004830360412597656,QUBIT-LEVEL,"[3, 2, 0]","[3, 3, 3]","[3, 2, 0]","[2, 0, 3]"
qpeinexact_indep_qiskit_5,5,90,86,4,73,3,1.0,2,80.0,92.0,1.15,0.3044741153717041,0.0013098716735839844,QUBIT-LEVEL,"[2, 2, 1]","[2, 2, 2]","[2, 2, 0]","[2, 1, 1]"
qpeinexact_indep_qiskit_5,5,90,86,4,73,3,1.1,2,80.0,92.0,1.15,0.30222511291503906,0.0013020038604736328,QUBIT-LEVEL,"[2, 2, 1]","[2, 2, 2]","[2, 2, 0]","[2, 1, 1]"
qpeinexact_indep_qiskit_5,5,90,86,4,73,3,1.2,2,80.0,92.0,1.15,0.29997992515563965,0.0014028549194335938,QUBIT-LEVEL,"[2, 2, 1]","[2, 2, 2]","[2, 2, 0]","[2, 1, 1]"
qpeinexact_indep_qiskit_5,5,90,86,4,73,3,1.3,3,60.0,173.0,2.8833333333333333,0.6970641613006592,0.0009458065032958984,QUBIT-LEVEL,"[3, 2, 0]","[3, 3, 3]","[2, 2, 0]","[0, 0, 4]"
qpeinexact_indep_qiskit_5,5,90,86,4,73,3,1.4,3,60.0,173.0,2.8833333333333333,0.7039580345153809,0.000946044921875,QUBIT-LEVEL,"[3, 2, 0]","[3, 3, 3]","[2, 2, 0]","[0, 0, 4]"
qpeinexact_indep_qiskit_5,5,90,86,4,73,3,1.5,3,60.0,173.0,2.8833333333333333,0.698599100112915,0.0009379386901855469,QUBIT-LEVEL,"[3, 2, 0]","[3, 3, 3]","[2, 2, 0]","[0, 0, 4]"
twolocalrandom_indep_qiskit_3,3,72,69,3,60,3,1.0,1,90.0,92.0,1.0222222222222221,0.007308006286621094,0.0008809566497802734,QUBIT-LEVEL,"[1, 1, 1]","[1, 1, 1]","[1, 1, 1]","[2, 1, 0]"
twolocalrandom_indep_qiskit_3,3,72,69,3,60,3,1.1,2,60.0,211.0,3.5166666666666666,0.03286886215209961,0.0007288455963134766,QUBIT-LEVEL,"[2, 1, 0]","[2, 2, 2]","[2, 1, 0]","[2, 1, 0]"
twolocalrandom_indep_qiskit_3,3,72,69,3,60,3,1.2,2,60.0,211.0,3.5166666666666666,0.022355079650878906,0.0007450580596923828,QUBIT-LEVEL,"[2, 1, 0]","[2, 2, 2]","[2, 1, 0]","[2, 1, 0]"
twolocalrandom_indep_qiskit_3,3,72,69,3,60,3,1.3,2,60.0,211.0,3.5166666666666666,0.02266097068786621,0.0007340908050537109,QUBIT-LEVEL,"[2, 1, 0]","[2, 2, 2]","[2, 1, 0]","[2, 1, 0]"
twolocalrandom_indep_qiskit_3,3,72,69,3,60,3,1.4,2,60.0,211.0,3.5166666666666666,0.022027015686035156,0.0007119178771972656,QUBIT-LEVEL,"[2, 1, 0]","[2, 2, 2]","[2, 1, 0]","[2, 1, 0]"
twolocalrandom_indep_qiskit_3,3,72,69,3,60,3,1.5,2,60.0,211.0,3.5166666666666666,0.022244930267333984,0.0007421970367431641,QUBIT-LEVEL,"[2, 1, 0]","[2, 2, 2]","[2, 1, 0]","[2, 1, 0]"
qwalk-v-chain_indep_qiskit_5,5,281,276,5,222,3,1.0,2,240.0,323.0,1.3458333333333334,2.7750561237335205,0.05010104179382324,QUBIT-LEVEL,"[2, 2, 1]","[2, 2, 2]","[2, 2, 1]","[3, 0, 2]"
qwalk-v-chain_indep_qiskit_5,5,281,276,5,222,3,1.1,2,240.0,323.0,1.3458333333333334,2.744396209716797,0.01223134994506836,QUBIT-LEVEL,"[2, 2, 1]","[2, 2, 2]","[2, 2, 1]","[3, 0, 2]"
qwalk-v-chain_indep_qiskit_5,5,281,276,5,222,3,1.2,2,240.0,323.0,1.3458333333333334,2.7781970500946045,0.012531042098999023,QUBIT-LEVEL,"[2, 2, 1]","[2, 2, 2]","[2, 2, 1]","[3, 0, 2]"
qwalk-v-chain_indep_qiskit_5,5,281,276,5,222,3,1.3,3,180.0,473.0,2.6277777777777778,6.535636901855469,0.011372089385986328,QUBIT-LEVEL,"[2, 3, 0]","[3, 3, 3]","[2, 3, 0]","[2, 1, 2]"
qwalk-v-chain_indep_qiskit_5,5,281,276,5,222,3,1.4,3,180.0,473.0,2.6277777777777778,7.061016798019409,0.012512922286987305,QUBIT-LEVEL,"[2, 3, 0]","[3, 3, 3]","[2, 3, 0]","[2, 1, 2]"
qwalk-v-chain_indep_qiskit_5,5,281,276,5,222,3,1.5,3,180.0,473.0,2.6277777777777778,6.826047897338867,0.010306119918823242,QUBIT-LEVEL,"[2, 3, 0]","[3, 3, 3]","[2, 3, 0]","[2, 1, 2]"
qwalk-noancilla_indep_qiskit_4,4,696,692,4,590,3,1.0,2,600.0,1372.0,2.2866666666666666,1.4407129287719727,0.060304880142211914,QUBIT-LEVEL,"[2, 2, 0]","[2, 2, 2]","[2, 2, 0]","[1, 0, 3]"
qwalk-noancilla_indep_qiskit_4,4,696,692,4,590,3,1.1,2,600.0,1372.0,2.2866666666666666,1.434678077697754,0.05957293510437012,QUBIT-LEVEL,"[2, 2, 0]","[2, 2, 2]","[2, 2, 0]","[1, 0, 3]"
qwalk-noancilla_indep_qiskit_4,4,696,692,4,590,3,1.2,2,600.0,1372.0,2.2866666666666666,1.4556560516357422,0.05987286567687988,QUBIT-LEVEL,"[2, 2, 0]","[2, 2, 2]","[2, 2, 0]","[1, 0, 3]"
qwalk-noancilla_indep_qiskit_4,4,696,692,4,590,3,1.3,2,600.0,1372.0,2.2866666666666666,1.4339063167572021,0.05986499786376953,QUBIT-LEVEL,"[2, 2, 0]","[2, 2, 2]","[2, 2, 0]","[1, 0, 3]"
qwalk-noancilla_indep_qiskit_4,4,696,692,4,590,3,1.4,2,600.0,1372.0,2.2866666666666666,1.4321091175079346,0.06998300552368164,QUBIT-LEVEL,"[2, 2, 0]","[2, 2, 2]","[2, 2, 0]","[1, 0, 3]"
qwalk-noancilla_indep_qiskit_4,4,696,692,4,590,3,1.5,2,600.0,1372.0,2.2866666666666666,1.4299843311309814,0.06068897247314453,QUBIT-LEVEL,"[2, 2, 0]","[2, 2, 2]","[2, 2, 0]","[1, 0, 3]"
tsp_indep_qiskit_4,4,122,118,4,103,3,1.0,2,50.0,232.0,4.64,0.24726200103759766,0.0020079612731933594,QUBIT-LEVEL,"[2, 2, 0]","[2, 2, 2]","[2, 2, 0]","[2, 0, 2]"
tsp_indep_qiskit_4,4,122,118,4,103,3,1.1,2,50.0,232.0,4.64,0.24799680709838867,0.0020220279693603516,QUBIT-LEVEL,"[2, 2, 0]","[2, 2, 2]","[2, 2, 0]","[2, 0, 2]"
tsp_indep_qiskit_4,4,122,118,4,103,3,1.2,2,50.0,232.0,4.64,0.24747800827026367,0.002012014389038086,QUBIT-LEVEL,"[2, 2, 0]","[2, 2, 2]","[2, 2, 0]","[2, 0, 2]"
tsp_indep_qiskit_4,4,122,118,4,103,3,1.3,2,50.0,232.0,4.64,0.24683690071105957,0.0020101070404052734,QUBIT-LEVEL,"[2, 2, 0]","[2, 2, 2]","[2, 2, 0]","[2, 0, 2]"
tsp_indep_qiskit_4,4,122,118,4,103,3,1.4,2,50.0,232.0,4.64,0.2475450038909912,0.0020248889923095703,QUBIT-LEVEL,"[2, 2, 0]","[2, 2, 2]","[2, 2, 0]","[2, 0, 2]"
tsp_indep_qiskit_4,4,122,118,4,103,3,1.5,2,50.0,232.0,4.64,0.2470381259918213,0.002003908157348633,QUBIT-LEVEL,"[2, 2, 0]","[2, 2, 2]","[2, 2, 0]","[2, 0, 2]"
qwalk-noancilla_indep_qiskit_5,5,1771,1766,5,1502,3,1.0,2,1860.0,4552.0,2.447311827956989,18.881367921829224,0.44727182388305664,QUBIT-LEVEL,"[2, 2, 1]","[2, 2, 2]","[2, 2, 1]","[2, 2, 1]"
qwalk-noancilla_indep_qiskit_5,5,1771,1766,5,1502,3,1.1,2,1860.0,4552.0,2.447311827956989,18.887284994125366,0.470045804977417,QUBIT-LEVEL,"[2, 2, 1]","[2, 2, 2]","[2, 2, 1]","[2, 2, 1]"
qwalk-noancilla_indep_qiskit_5,5,1771,1766,5,1502,3,1.2,2,1860.0,4552.0,2.447311827956989,19.213685274124146,0.47696685791015625,QUBIT-LEVEL,"[2, 2, 1]","[2, 2, 2]","[2, 2, 1]","[2, 2, 1]"
qwalk-noancilla_indep_qiskit_5,5,1771,1766,5,1502,3,1.3,3,1200.0,5262.0,4.385,47.08289909362793,0.3801441192626953,QUBIT-LEVEL,"[2, 3, 0]","[3, 3, 3]","[2, 3, 0]","[3, 0, 2]"
qwalk-noancilla_indep_qiskit_5,5,1771,1766,5,1502,3,1.4,3,1200.0,5262.0,4.385,48.58568572998047,0.3642449378967285,QUBIT-LEVEL,"[2, 3, 0]","[3, 3, 3]","[2, 3, 0]","[3, 0, 2]"
qwalk-noancilla_indep_qiskit_5,5,1771,1766,5,1502,3,1.5,3,1200.0,5262.0,4.385,46.37041687965393,0.3449549674987793,QUBIT-LEVEL,"[2, 3, 0]","[3, 3, 3]","[2, 3, 0]","[3, 0, 2]"
qaoa_indep_qiskit_3,3,51,48,3,42,3,1.0,1,60.0,62.0,1.0333333333333334,0.004166841506958008,0.0005028247833251953,QUBIT-LEVEL,"[1, 1, 1]","[1, 1, 1]","[1, 1, 1]","[2, 1, 0]"
qaoa_indep_qiskit_3,3,51,48,3,42,3,1.1,2,40.0,151.0,3.775,0.016179800033569336,0.00041103363037109375,QUBIT-LEVEL,"[2, 1, 0]","[2, 2, 2]","[2, 1, 0]","[2, 1, 0]"
qaoa_indep_qiskit_3,3,51,48,3,42,3,1.2,2,40.0,151.0,3.775,0.015858888626098633,0.00040221214294433594,QUBIT-LEVEL,"[2, 1, 0]","[2, 2, 2]","[2, 1, 0]","[2, 1, 0]"
qaoa_indep_qiskit_3,3,51,48,3,42,3,1.3,2,40.0,151.0,3.775,0.015757083892822266,0.00040984153747558594,QUBIT-LEVEL,"[2, 1, 0]","[2, 2, 2]","[2, 1, 0]","[2, 1, 0]"
qaoa_indep_qiskit_3,3,51,48,3,42,3,1.4,2,40.0,151.0,3.775,0.015857934951782227,0.0004000663757324219,QUBIT-LEVEL,"[2, 1, 0]","[2, 2, 2]","[2, 1, 0]","[2, 1, 0]"
qaoa_indep_qiskit_3,3,51,48,3,42,3,1.5,2,40.0,151.0,3.775,0.01593613624572754,0.0003979206085205078,QUBIT-LEVEL,"[2, 1, 0]","[2, 2, 2]","[2, 1, 0]","[2, 1, 0]"
wstate_indep_qiskit_3,3,35,32,3,28,3,1.0,1,40.0,43.0,1.075,0.0029571056365966797,0.00028204917907714844,QUBIT-LEVEL,"[1, 1, 1]","[1, 1, 1]","[1, 1, 1]","[2, 0, 1]"
wstate_indep_qiskit_3,3,35,32,3,28,3,1.1,2,20.0,103.0,5.15,0.011002063751220703,0.0002319812774658203,QUBIT-LEVEL,"[2, 1, 0]","[2, 2, 2]","[2, 1, 0]","[1, 0, 2]"
wstate_indep_qiskit_3,3,35,32,3,28,3,1.2,2,20.0,103.0,5.15,0.01094818115234375,0.00023984909057617188,QUBIT-LEVEL,"[2, 1, 0]","[2, 2, 2]","[2, 1, 0]","[1, 0, 2]"
wstate_indep_qiskit_3,3,35,32,3,28,3,1.3,2,20.0,103.0,5.15,0.011228084564208984,0.0002608299255371094,QUBIT-LEVEL,"[2, 1, 0]","[2, 2, 2]","[2, 1, 0]","[1, 0, 2]"
wstate_indep_qiskit_3,3,35,32,3,28,3,1.4,2,20.0,103.0,5.15,0.011110067367553711,0.0002570152282714844,QUBIT-LEVEL,"[2, 1, 0]","[2, 2, 2]","[2, 1, 0]","[1, 0, 2]"
wstate_indep_qiskit_3,3,35,32,3,28,3,1.5,2,20.0,103.0,5.15,0.010977029800415039,0.00024199485778808594,QUBIT-LEVEL,"[2, 1, 0]","[2, 2, 2]","[2, 1, 0]","[1, 0, 2]"
qpeinexact_indep_qiskit_3,3,34,32,2,27,3,1.0,1,40.0,42.0,1.05,0.0011000633239746094,0.00026869773864746094,QUBIT-LEVEL,"[1, 1, 1]","[1, 1, 1]","[1, 1, 0]","[0, 0, 2]"
qpeinexact_indep_qiskit_3,3,34,32,2,27,3,1.1,2,20.0,101.0,5.05,0.003742218017578125,0.0002110004425048828,QUBIT-LEVEL,"[2, 1, 0]","[2, 2, 2]","[2, 0, 0]","[0, 0, 2]"
qpeinexact_indep_qiskit_3,3,34,32,2,27,3,1.2,2,20.0,101.0,5.05,0.003804922103881836,0.0002181529998779297,QUBIT-LEVEL,"[2, 1, 0]","[2, 2, 2]","[2, 0, 0]","[0, 0, 2]"
qpeinexact_indep_qiskit_3,3,34,32,2,27,3,1.3,2,20.0,101.0,5.05,0.00370025634765625,0.00020503997802734375,QUBIT-LEVEL,"[2, 1, 0]","[2, 2, 2]","[2, 0, 0]","[0, 0, 2]"
qpeinexact_indep_qiskit_3,3,34,32,2,27,3,1.4,2,20.0,101.0,5.05,0.003834962844848633,0.0002410411834716797,QUBIT-LEVEL,"[2, 1, 0]","[2, 2, 2]","[2, 0, 0]","[0, 0, 2]"
qpeinexact_indep_qiskit_3,3,34,32,2,27,3,1.5,2,20.0,101.0,5.05,0.003832101821899414,0.00022983551025390625,QUBIT-LEVEL,"[2, 1, 0]","[2, 2, 2]","[2, 0, 0]","[0, 0, 2]"
twolocalrandom_indep_qiskit_5,5,210,205,5,175,3,1.0,2,240.0,261.0,1.0875,2.1341490745544434,0.006365060806274414,QUBIT-LEVEL,"[2, 2, 1]","[2, 2, 2]","[2, 2, 1]","[2, 0, 3]"
twolocalrandom_indep_qiskit_5,5,210,205,5,175,3,1.1,2,240.0,261.0,1.0875,2.167482852935791,0.0064849853515625,QUBIT-LEVEL,"[2, 2, 1]","[2, 2, 2]","[2, 2, 1]","[2, 0, 3]"
twolocalrandom_indep_qiskit_5,5,210,205,5,175,3,1.2,2,240.0,261.0,1.0875,2.157534122467041,0.006458282470703125,QUBIT-LEVEL,"[2, 2, 1]","[2, 2, 2]","[2, 2, 1]","[2, 0, 3]"
twolocalrandom_indep_qiskit_5,5,210,205,5,175,3,1.3,3,180.0,462.0,2.566666666666667,5.086902141571045,0.004797220230102539,QUBIT-LEVEL,"[3, 2, 0]","[3, 3, 3]","[3, 2, 0]","[4, 1, 0]"
twolocalrandom_indep_qiskit_5,5,210,205,5,175,3,1.4,3,180.0,462.0,2.566666666666667,4.940600156784058,0.004997968673706055,QUBIT-LEVEL,"[3, 2, 0]","[3, 3, 3]","[3, 2, 0]","[4, 1, 0]"
twolocalrandom_indep_qiskit_5,5,210,205,5,175,3,1.5,3,180.0,462.0,2.566666666666667,5.1052117347717285,0.004976749420166016,QUBIT-LEVEL,"[3, 2, 0]","[3, 3, 3]","[3, 2, 0]","[4, 1, 0]"
qaoa_indep_qiskit_4,4,68,64,4,56,3,1.0,2,40.0,81.0,2.025,0.14281105995178223,0.0007982254028320312,QUBIT-LEVEL,"[2, 2, 0]","[2, 2, 2]","[2, 2, 0]","[2, 0, 2]"
qaoa_indep_qiskit_4,4,68,64,4,56,3,1.1,2,40.0,81.0,2.025,0.14272427558898926,0.0008151531219482422,QUBIT-LEVEL,"[2, 2, 0]","[2, 2, 2]","[2, 2, 0]","[2, 0, 2]"
qaoa_indep_qiskit_4,4,68,64,4,56,3,1.2,2,40.0,81.0,2.025,0.14949893951416016,0.0008649826049804688,QUBIT-LEVEL,"[2, 2, 0]","[2, 2, 2]","[2, 2, 0]","[2, 0, 2]"
qaoa_indep_qiskit_4,4,68,64,4,56,3,1.3,2,40.0,81.0,2.025,0.15121197700500488,0.0008420944213867188,QUBIT-LEVEL,"[2, 2, 0]","[2, 2, 2]","[2, 2, 0]","[2, 0, 2]"
qaoa_indep_qiskit_4,4,68,64,4,56,3,1.4,2,40.0,81.0,2.025,0.14632391929626465,0.0007691383361816406,QUBIT-LEVEL,"[2, 2, 0]","[2, 2, 2]","[2, 2, 0]","[2, 0, 2]"
qaoa_indep_qiskit_4,4,68,64,4,56,3,1.5,2,40.0,81.0,2.025,0.13738703727722168,0.000762939453125,QUBIT-LEVEL,"[2, 2, 0]","[2, 2, 2]","[2, 2, 0]","[2, 0, 2]"
qwalk-v-chain_indep_qiskit_3,3,109,106,3,88,3,1.0,1,120.0,122.0,1.0166666666666666,0.009057998657226562,0.001683950424194336,QUBIT-LEVEL,"[1, 1, 1]","[1, 1, 1]","[1, 1, 1]","[2, 1, 0]"
qwalk-v-chain_indep_qiskit_3,3,109,106,3,88,3,1.1,2,60.0,361.0,6.016666666666667,0.03392910957336426,0.001522064208984375,QUBIT-LEVEL,"[1, 2, 0]","[2, 2, 2]","[1, 2, 0]","[2, 0, 1]"
qwalk-v-chain_indep_qiskit_3,3,109,106,3,88,3,1.2,2,60.0,361.0,6.016666666666667,0.03395390510559082,0.0015227794647216797,QUBIT-LEVEL,"[1, 2, 0]","[2, 2, 2]","[1, 2, 0]","[2, 0, 1]"
qwalk-v-chain_indep_qiskit_3,3,109,106,3,88,3,1.3,2,60.0,361.0,6.016666666666667,0.03329777717590332,0.0014829635620117188,QUBIT-LEVEL,"[1, 2, 0]","[2, 2, 2]","[1, 2, 0]","[2, 0, 1]"
qwalk-v-chain_indep_qiskit_3,3,109,106,3,88,3,1.4,2,60.0,361.0,6.016666666666667,0.03340792655944824,0.0014548301696777344,QUBIT-LEVEL,"[1, 2, 0]","[2, 2, 2]","[1, 2, 0]","[2, 0, 1]"
qwalk-v-chain_indep_qiskit_3,3,109,106,3,88,3,1.5,2,60.0,361.0,6.016666666666667,0.03365516662597656,0.0014731884002685547,QUBIT-LEVEL,"[1, 2, 0]","[2, 2, 2]","[1, 2, 0]","[2, 0, 1]"
qwalk-noancilla_indep_qiskit_3,3,109,106,3,88,3,1.0,1,120.0,122.0,1.0166666666666666,0.008809804916381836,0.0015690326690673828,QUBIT-LEVEL,"[1, 1, 1]","[1, 1, 1]","[1, 1, 1]","[2, 1, 0]"
qwalk-noancilla_indep_qiskit_3,3,109,106,3,88,3,1.1,2,60.0,361.0,6.016666666666667,0.03422999382019043,0.0015330314636230469,QUBIT-LEVEL,"[1, 2, 0]","[2, 2, 2]","[1, 2, 0]","[2, 0, 1]"
qwalk-noancilla_indep_qiskit_3,3,109,106,3,88,3,1.2,2,60.0,361.0,6.016666666666667,0.03478693962097168,0.0015187263488769531,QUBIT-LEVEL,"[1, 2, 0]","[2, 2, 2]","[1, 2, 0]","[2, 0, 1]"
qwalk-noancilla_indep_qiskit_3,3,109,106,3,88,3,1.3,2,60.0,361.0,6.016666666666667,0.03445029258728027,0.001522064208984375,QUBIT-LEVEL,"[1, 2, 0]","[2, 2, 2]","[1, 2, 0]","[2, 0, 1]"
qwalk-noancilla_indep_qiskit_3,3,109,106,3,88,3,1.4,2,60.0,361.0,6.016666666666667,0.03444385528564453,0.0015518665313720703,QUBIT-LEVEL,"[1, 2, 0]","[2, 2, 2]","[1, 2, 0]","[2, 0, 1]"
qwalk-noancilla_indep_qiskit_3,3,109,106,3,88,3,1.5,2,60.0,361.0,6.016666666666667,0.034655094146728516,0.0014967918395996094,QUBIT-LEVEL,"[1, 2, 0]","[2, 2, 2]","[1, 2, 0]","[2, 0, 1]"
qaoa_indep_qiskit_5,5,85,80,5,70,3,1.0,2,60.0,103.0,1.7166666666666666,0.8760221004486084,0.0012531280517578125,QUBIT-LEVEL,"[2, 2, 1]","[2, 2, 2]","[2, 2, 1]","[2, 0, 3]"
qaoa_indep_qiskit_5,5,85,80,5,70,3,1.1,2,60.0,103.0,1.7166666666666666,0.8992986679077148,0.0014300346374511719,QUBIT-LEVEL,"[2, 2, 1]","[2, 2, 2]","[2, 2, 1]","[2, 0, 3]"
qaoa_indep_qiskit_5,5,85,80,5,70,3,1.2,2,60.0,103.0,1.7166666666666666,0.9166216850280762,0.001361846923828125,QUBIT-LEVEL,"[2, 2, 1]","[2, 2, 2]","[2, 2, 1]","[2, 0, 3]"
qaoa_indep_qiskit_5,5,85,80,5,70,3,1.3,3,40.0,124.0,3.1,2.0307679176330566,0.0009629726409912109,QUBIT-LEVEL,"[3, 2, 0]","[3, 3, 3]","[3, 2, 0]","[2, 0, 3]"
qaoa_indep_qiskit_5,5,85,80,5,70,3,1.4,3,40.0,124.0,3.1,2.1218888759613037,0.0008530616760253906,QUBIT-LEVEL,"[3, 2, 0]","[3, 3, 3]","[3, 2, 0]","[2, 0, 3]"
qaoa_indep_qiskit_5,5,85,80,5,70,3,1.5,3,40.0,124.0,3.1,2.0564351081848145,0.0008299350738525391,QUBIT-LEVEL,"[3, 2, 0]","[3, 3, 3]","[3, 2, 0]","[2, 0, 3]"
pricingcall_indep_qiskit_5,5,170,165,5,139,3,1.0,2,80.0,262.0,3.275,1.7361559867858887,0.0044171810150146484,QUBIT-LEVEL,"[2, 2, 1]","[2, 2, 2]","[2, 2, 1]","[1, 1, 3]"
pricingcall_indep_qiskit_5,5,170,165,5,139,3,1.1,2,80.0,262.0,3.275,1.8073570728302002,0.004867076873779297,QUBIT-LEVEL,"[2, 2, 1]","[2, 2, 2]","[2, 2, 1]","[1, 1, 3]"
pricingcall_indep_qiskit_5,5,170,165,5,139,3,1.2,2,80.0,262.0,3.275,1.806276798248291,0.004370927810668945,QUBIT-LEVEL,"[2, 2, 1]","[2, 2, 2]","[2, 2, 1]","[1, 1, 3]"
pricingcall_indep_qiskit_5,5,170,165,5,139,3,1.3,3,70.0,401.0,5.728571428571429,4.0349440574646,0.0030126571655273438,QUBIT-LEVEL,"[3, 2, 0]","[3, 3, 3]","[3, 2, 0]","[1, 1, 3]"
pricingcall_indep_qiskit_5,5,170,165,5,139,3,1.4,3,70.0,401.0,5.728571428571429,4.026610851287842,0.003072023391723633,QUBIT-LEVEL,"[3, 2, 0]","[3, 3, 3]","[3, 2, 0]","[1, 1, 3]"
pricingcall_indep_qiskit_5,5,170,165,5,139,3,1.5,3,70.0,401.0,5.728571428571429,4.029732942581177,0.0030570030212402344,QUBIT-LEVEL,"[3, 2, 0]","[3, 3, 3]","[3, 2, 0]","[1, 1, 3]"
twolocalrandom_indep_qiskit_4,4,132,128,4,110,3,1.0,2,120.0,222.0,1.85,0.26688432693481445,0.002463102340698242,QUBIT-LEVEL,"[2, 2, 0]","[2, 2, 2]","[2, 2, 0]","[1, 0, 3]"
twolocalrandom_indep_qiskit_4,4,132,128,4,110,3,1.1,2,120.0,222.0,1.85,0.27765989303588867,0.002362966537475586,QUBIT-LEVEL,"[2, 2, 0]","[2, 2, 2]","[2, 2, 0]","[1, 0, 3]"
twolocalrandom_indep_qiskit_4,4,132,128,4,110,3,1.2,2,120.0,222.0,1.85,0.26550865173339844,0.0023670196533203125,QUBIT-LEVEL,"[2, 2, 0]","[2, 2, 2]","[2, 2, 0]","[1, 0, 3]"
twolocalrandom_indep_qiskit_4,4,132,128,4,110,3,1.3,2,120.0,222.0,1.85,0.2650120258331299,0.0023910999298095703,QUBIT-LEVEL,"[2, 2, 0]","[2, 2, 2]","[2, 2, 0]","[1, 0, 3]"
twolocalrandom_indep_qiskit_4,4,132,128,4,110,3,1.4,2,120.0,222.0,1.85,0.2655808925628662,0.002351045608520508,QUBIT-LEVEL,"[2, 2, 0]","[2, 2, 2]","[2, 2, 0]","[1, 0, 3]"
twolocalrandom_indep_qiskit_4,4,132,128,4,110,3,1.5,2,120.0,222.0,1.85,0.2668287754058838,0.002351999282836914,QUBIT-LEVEL,"[2, 2, 0]","[2, 2, 2]","[2, 2, 0]","[1, 0, 3]"
ghz_indep_qiskit_5,5,35,30,5,26,3,1.0,2,20.0,54.0,2.7,0.34987688064575195,0.0003268718719482422,QUBIT-LEVEL,"[2, 2, 1]","[2, 2, 2]","[2, 2, 1]","[3, 0, 2]"
ghz_indep_qiskit_5,5,35,30,5,26,3,1.1,2,20.0,54.0,2.7,0.34806013107299805,0.0003268718719482422,QUBIT-LEVEL,"[2, 2, 1]","[2, 2, 2]","[2, 2, 1]","[3, 0, 2]"
ghz_indep_qiskit_5,5,35,30,5,26,3,1.2,2,20.0,54.0,2.7,0.3489499092102051,0.00032401084899902344,QUBIT-LEVEL,"[2, 2, 1]","[2, 2, 2]","[2, 2, 1]","[3, 0, 2]"
ghz_indep_qiskit_5,5,35,30,5,26,3,1.3,3,10.0,51.0,5.1,0.8104889392852783,0.0001990795135498047,QUBIT-LEVEL,"[3, 2, 0]","[3, 3, 3]","[3, 2, 0]","[2, 1, 2]"
ghz_indep_qiskit_5,5,35,30,5,26,3,1.4,3,10.0,51.0,5.1,0.8207969665527344,0.0002200603485107422,QUBIT-LEVEL,"[3, 2, 0]","[3, 3, 3]","[3, 2, 0]","[2, 1, 2]"
ghz_indep_qiskit_5,5,35,30,5,26,3,1.5,3,10.0,51.0,5.1,0.8139960765838623,0.00022101402282714844,QUBIT-LEVEL,"[3, 2, 0]","[3, 3, 3]","[3, 2, 0]","[2, 1, 2]"
realamprandom_indep_qiskit_5,5,210,205,5,175,3,1.0,2,240.0,261.0,1.0875,2.1080739498138428,0.006270170211791992,QUBIT-LEVEL,"[2, 2, 1]","[2, 2, 2]","[2, 2, 1]","[2, 0, 3]"
realamprandom_indep_qiskit_5,5,210,205,5,175,3,1.1,2,240.0,261.0,1.0875,2.1084210872650146,0.00635075569152832,QUBIT-LEVEL,"[2, 2, 1]","[2, 2, 2]","[2, 2, 1]","[2, 0, 3]"
realamprandom_indep_qiskit_5,5,210,205,5,175,3,1.2,2,240.0,261.0,1.0875,2.121295928955078,0.0064601898193359375,QUBIT-LEVEL,"[2, 2, 1]","[2, 2, 2]","[2, 2, 1]","[2, 0, 3]"
realamprandom_indep_qiskit_5,5,210,205,5,175,3,1.3,3,180.0,462.0,2.566666666666667,4.959758996963501,0.004983186721801758,QUBIT-LEVEL,"[3, 2, 0]","[3, 3, 3]","[3, 2, 0]","[4, 1, 0]"
realamprandom_indep_qiskit_5,5,210,205,5,175,3,1.4,3,180.0,462.0,2.566666666666667,5.0432610511779785,0.0049169063568115234,QUBIT-LEVEL,"[3, 2, 0]","[3, 3, 3]","[3, 2, 0]","[4, 1, 0]"
realamprandom_indep_qiskit_5,5,210,205,5,175,3,1.5,3,180.0,462.0,2.566666666666667,5.0251219272613525,0.005010843276977539,QUBIT-LEVEL,"[3, 2, 0]","[3, 3, 3]","[3, 2, 0]","[4, 1, 0]"
graphstate_indep_qiskit_5,5,45,40,5,35,3,1.0,2,30.0,52.0,1.7333333333333334,0.473369836807251,0.00044798851013183594,QUBIT-LEVEL,"[2, 2, 1]","[2, 2, 2]","[2, 2, 1]","[2, 2, 1]"
graphstate_indep_qiskit_5,5,45,40,5,35,3,1.1,2,30.0,52.0,1.7333333333333334,0.4665648937225342,0.00042891502380371094,QUBIT-LEVEL,"[2, 2, 1]","[2, 2, 2]","[2, 2, 1]","[2, 2, 1]"
graphstate_indep_qiskit_5,5,45,40,5,35,3,1.2,2,30.0,52.0,1.7333333333333334,0.46859025955200195,0.0004181861877441406,QUBIT-LEVEL,"[2, 2, 1]","[2, 2, 2]","[2, 2, 1]","[2, 2, 1]"
graphstate_indep_qiskit_5,5,45,40,5,35,3,1.3,3,20.0,84.0,4.2,1.0826442241668701,0.0003771781921386719,QUBIT-LEVEL,"[3, 2, 0]","[3, 3, 3]","[3, 2, 0]","[2, 1, 2]"
graphstate_indep_qiskit_5,5,45,40,5,35,3,1.4,3,20.0,84.0,4.2,1.1139588356018066,0.0002899169921875,QUBIT-LEVEL,"[3, 2, 0]","[3, 3, 3]","[3, 2, 0]","[2, 1, 2]"
graphstate_indep_qiskit_5,5,45,40,5,35,3,1.5,3,20.0,84.0,4.2,1.083324909210205,0.0002810955047607422,QUBIT-LEVEL,"[3, 2, 0]","[3, 3, 3]","[3, 2, 0]","[2, 1, 2]"
graphstate_indep_qiskit_4,4,36,32,4,28,3,1.0,2,20.0,63.0,3.15,0.07853412628173828,0.0003058910369873047,QUBIT-LEVEL,"[2, 2, 0]","[2, 2, 2]","[2, 2, 0]","[2, 0, 2]"
graphstate_indep_qiskit_4,4,36,32,4,28,3,1.1,2,20.0,63.0,3.15,0.07653307914733887,0.0003070831298828125,QUBIT-LEVEL,"[2, 2, 0]","[2, 2, 2]","[2, 2, 0]","[2, 0, 2]"
graphstate_indep_qiskit_4,4,36,32,4,28,3,1.2,2,20.0,63.0,3.15,0.07631087303161621,0.0002989768981933594,QUBIT-LEVEL,"[2, 2, 0]","[2, 2, 2]","[2, 2, 0]","[2, 0, 2]"
graphstate_indep_qiskit_4,4,36,32,4,28,3,1.3,2,20.0,63.0,3.15,0.07726407051086426,0.0002930164337158203,QUBIT-LEVEL,"[2, 2, 0]","[2, 2, 2]","[2, 2, 0]","[2, 0, 2]"
graphstate_indep_qiskit_4,4,36,32,4,28,3,1.4,2,20.0,63.0,3.15,0.07625102996826172,0.0002949237823486328,QUBIT-LEVEL,"[2, 2, 0]","[2, 2, 2]","[2, 2, 0]","[2, 0, 2]"
graphstate_indep_qiskit_4,4,36,32,4,28,3,1.5,2,20.0,63.0,3.15,0.07599997520446777,0.0003018379211425781,QUBIT-LEVEL,"[2, 2, 0]","[2, 2, 2]","[2, 2, 0]","[2, 0, 2]"
dj_indep_qiskit_3,3,22,20,2,17,3,1.0,1,20.0,21.0,1.05,0.0008990764617919922,0.00014710426330566406,QUBIT-LEVEL,"[1, 1, 1]","[1, 1, 1]","[1, 1, 0]","[1, 0, 1]"
dj_indep_qiskit_3,3,22,20,2,17,3,1.1,2,10.0,62.0,6.2,0.002649068832397461,0.00013494491577148438,QUBIT-LEVEL,"[2, 1, 0]","[2, 2, 2]","[1, 1, 0]","[1, 0, 1]"
dj_indep_qiskit_3,3,22,20,2,17,3,1.2,2,10.0,62.0,6.2,0.0026960372924804688,0.0001430511474609375,QUBIT-LEVEL,"[2, 1, 0]","[2, 2, 2]","[1, 1, 0]","[1, 0, 1]"
dj_indep_qiskit_3,3,22,20,2,17,3,1.3,2,10.0,62.0,6.2,0.002622842788696289,0.00012087821960449219,QUBIT-LEVEL,"[2, 1, 0]","[2, 2, 2]","[1, 1, 0]","[1, 0, 1]"
dj_indep_qiskit_3,3,22,20,2,17,3,1.4,2,10.0,62.0,6.2,0.0026679039001464844,0.00018095970153808594,QUBIT-LEVEL,"[2, 1, 0]","[2, 2, 2]","[1, 1, 0]","[1, 0, 1]"
dj_indep_qiskit_3,3,22,20,2,17,3,1.5,2,10.0,62.0,6.2,0.0026450157165527344,0.0001239776611328125,QUBIT-LEVEL,"[2, 1, 0]","[2, 2, 2]","[1, 1, 0]","[1, 0, 1]"
realamprandom_indep_qiskit_4,4,132,128,4,110,3,1.0,2,120.0,222.0,1.85,0.2722160816192627,0.0023620128631591797,QUBIT-LEVEL,"[2, 2, 0]","[2, 2, 2]","[2, 2, 0]","[1, 0, 3]"
realamprandom_indep_qiskit_4,4,132,128,4,110,3,1.1,2,120.0,222.0,1.85,0.2732529640197754,0.0022728443145751953,QUBIT-LEVEL,"[2, 2, 0]","[2, 2, 2]","[2, 2, 0]","[1, 0, 3]"
realamprandom_indep_qiskit_4,4,132,128,4,110,3,1.2,2,120.0,222.0,1.85,0.27344417572021484,0.002450227737426758,QUBIT-LEVEL,"[2, 2, 0]","[2, 2, 2]","[2, 2, 0]","[1, 0, 3]"
realamprandom_indep_qiskit_4,4,132,128,4,110,3,1.3,2,120.0,222.0,1.85,0.2747609615325928,0.002390146255493164,QUBIT-LEVEL,"[2, 2, 0]","[2, 2, 2]","[2, 2, 0]","[1, 0, 3]"
realamprandom_indep_qiskit_4,4,132,128,4,110,3,1.4,2,120.0,222.0,1.85,0.27091407775878906,0.0024137496948242188,QUBIT-LEVEL,"[2, 2, 0]","[2, 2, 2]","[2, 2, 0]","[1, 0, 3]"
realamprandom_indep_qiskit_4,4,132,128,4,110,3,1.5,2,120.0,222.0,1.85,0.27265000343322754,0.0023870468139648438,QUBIT-LEVEL,"[2, 2, 0]","[2, 2, 2]","[2, 2, 0]","[1, 0, 3]"
ghz_indep_qiskit_4,4,27,23,4,20,3,1.0,2,10.0,54.0,5.4,0.05815291404724121,0.00021004676818847656,QUBIT-LEVEL,"[2, 2, 0]","[2, 2, 2]","[2, 2, 0]","[2, 0, 2]"
ghz_indep_qiskit_4,4,27,23,4,20,3,1.1,2,10.0,54.0,5.4,0.05784893035888672,0.00024199485778808594,QUBIT-LEVEL,"[2, 2, 0]","[2, 2, 2]","[2, 2, 0]","[2, 0, 2]"
ghz_indep_qiskit_4,4,27,23,4,20,3,1.2,2,10.0,54.0,5.4,0.05819082260131836,0.0002040863037109375,QUBIT-LEVEL,"[2, 2, 0]","[2, 2, 2]","[2, 2, 0]","[2, 0, 2]"
ghz_indep_qiskit_4,4,27,23,4,20,3,1.3,2,10.0,54.0,5.4,0.05871701240539551,0.0002231597900390625,QUBIT-LEVEL,"[2, 2, 0]","[2, 2, 2]","[2, 2, 0]","[2, 0, 2]"
ghz_indep_qiskit_4,4,27,23,4,20,3,1.4,2,10.0,54.0,5.4,0.05920290946960449,0.00020503997802734375,QUBIT-LEVEL,"[2, 2, 0]","[2, 2, 2]","[2, 2, 0]","[2, 0, 2]"
ghz_indep_qiskit_4,4,27,23,4,20,3,1.5,2,10.0,54.0,5.4,0.05949807167053223,0.0006437301635742188,QUBIT-LEVEL,"[2, 2, 0]","[2, 2, 2]","[2, 2, 0]","[2, 0, 2]"
qftentangled_indep_qiskit_5,5,112,107,5,91,3,1.0,2,120.0,154.0,1.2833333333333334,1.2483289241790771,0.0021181106567382812,QUBIT-LEVEL,"[2, 2, 1]","[2, 2, 2]","[2, 2, 1]","[1, 2, 2]"
qftentangled_indep_qiskit_5,5,112,107,5,91,3,1.1,2,120.0,154.0,1.2833333333333334,1.2207159996032715,0.002274036407470703,QUBIT-LEVEL,"[2, 2, 1]","[2, 2, 2]","[2, 2, 1]","[1, 2, 2]"
qftentangled_indep_qiskit_5,5,112,107,5,91,3,1.2,2,120.0,154.0,1.2833333333333334,1.1827411651611328,0.0021181106567382812,QUBIT-LEVEL,"[2, 2, 1]","[2, 2, 2]","[2, 2, 1]","[1, 2, 2]"
qftentangled_indep_qiskit_5,5,112,107,5,91,3,1.3,3,80.0,213.0,2.6625,2.7223060131073,0.0015048980712890625,QUBIT-LEVEL,"[2, 3, 0]","[3, 3, 3]","[2, 3, 0]","[1, 1, 3]"
qftentangled_indep_qiskit_5,5,112,107,5,91,3,1.4,3,80.0,213.0,2.6625,2.700570821762085,0.0013022422790527344,QUBIT-LEVEL,"[2, 3, 0]","[3, 3, 3]","[2, 3, 0]","[1, 1, 3]"
qftentangled_indep_qiskit_5,5,112,107,5,91,3,1.5,3,80.0,213.0,2.6625,2.7289209365844727,0.0014867782592773438,QUBIT-LEVEL,"[2, 3, 0]","[3, 3, 3]","[2, 3, 0]","[1, 1, 3]"
vqe_indep_qiskit_3,3,39,36,3,32,3,1.0,1,40.0,43.0,1.075,0.0036389827728271484,0.0004611015319824219,QUBIT-LEVEL,"[1, 1, 1]","[1, 1, 1]","[1, 1, 1]","[2, 0, 1]"
vqe_indep_qiskit_3,3,39,36,3,32,3,1.1,2,20.0,123.0,6.15,0.013042926788330078,0.0002880096435546875,QUBIT-LEVEL,"[2, 1, 0]","[2, 2, 2]","[2, 1, 0]","[2, 0, 1]"
vqe_indep_qiskit_3,3,39,36,3,32,3,1.2,2,20.0,123.0,6.15,0.01435995101928711,0.00035119056701660156,QUBIT-LEVEL,"[2, 1, 0]","[2, 2, 2]","[2, 1, 0]","[2, 0, 1]"
vqe_indep_qiskit_3,3,39,36,3,32,3,1.3,2,20.0,123.0,6.15,0.014989852905273438,0.00032401084899902344,QUBIT-LEVEL,"[2, 1, 0]","[2, 2, 2]","[2, 1, 0]","[2, 0, 1]"
vqe_indep_qiskit_3,3,39,36,3,32,3,1.4,2,20.0,123.0,6.15,0.013123273849487305,0.0003070831298828125,QUBIT-LEVEL,"[2, 1, 0]","[2, 2, 2]","[2, 1, 0]","[2, 0, 1]"
vqe_indep_qiskit_3,3,39,36,3,32,3,1.5,2,20.0,123.0,6.15,0.012490034103393555,0.0002849102020263672,QUBIT-LEVEL,"[2, 1, 0]","[2, 2, 2]","[2, 1, 0]","[2, 0, 1]"
qftentangled_indep_qiskit_4,4,79,75,4,64,3,1.0,2,60.0,163.0,2.716666666666667,0.16603779792785645,0.0010271072387695312,QUBIT-LEVEL,"[2, 2, 0]","[2, 2, 2]","[2, 2, 0]","[2, 2, 0]"
qftentangled_indep_qiskit_4,4,79,75,4,64,3,1.1,2,60.0,163.0,2.716666666666667,0.17265796661376953,0.0011250972747802734,QUBIT-LEVEL,"[2, 2, 0]","[2, 2, 2]","[2, 2, 0]","[2, 2, 0]"
qftentangled_indep_qiskit_4,4,79,75,4,64,3,1.2,2,60.0,163.0,2.716666666666667,0.17457985877990723,0.0010769367218017578,QUBIT-LEVEL,"[2, 2, 0]","[2, 2, 2]","[2, 2, 0]","[2, 2, 0]"
qftentangled_indep_qiskit_4,4,79,75,4,64,3,1.3,2,60.0,163.0,2.716666666666667,0.16610503196716309,0.0013089179992675781,QUBIT-LEVEL,"[2, 2, 0]","[2, 2, 2]","[2, 2, 0]","[2, 2, 0]"
qftentangled_indep_qiskit_4,4,79,75,4,64,3,1.4,2,60.0,163.0,2.716666666666667,0.17586207389831543,0.0010159015655517578,QUBIT-LEVEL,"[2, 2, 0]","[2, 2, 2]","[2, 2, 0]","[2, 2, 0]"
qftentangled_indep_qiskit_4,4,79,75,4,64,3,1.5,2,60.0,163.0,2.716666666666667,0.18083596229553223,0.001081228256225586,QUBIT-LEVEL,"[2, 2, 0]","[2, 2, 2]","[2, 2, 0]","[2, 2, 0]"
ghz_indep_qiskit_3,3,19,16,3,14,3,1.0,1,20.0,23.0,1.15,0.002259969711303711,0.0001678466796875,QUBIT-LEVEL,"[1, 1, 1]","[1, 1, 1]","[1, 1, 1]","[2, 0, 1]"
ghz_indep_qiskit_3,3,19,16,3,14,3,1.1,2,10.0,53.0,5.3,0.007643938064575195,0.00014495849609375,QUBIT-LEVEL,"[2, 1, 0]","[2, 2, 2]","[2, 1, 0]","[1, 0, 2]"
ghz_indep_qiskit_3,3,19,16,3,14,3,1.2,2,10.0,53.0,5.3,0.006917238235473633,0.00012683868408203125,QUBIT-LEVEL,"[2, 1, 0]","[2, 2, 2]","[2, 1, 0]","[1, 0, 2]"
ghz_indep_qiskit_3,3,19,16,3,14,3,1.3,2,10.0,53.0,5.3,0.007182121276855469,0.000141143798828125,QUBIT-LEVEL,"[2, 1, 0]","[2, 2, 2]","[2, 1, 0]","[1, 0, 2]"
ghz_indep_qiskit_3,3,19,16,3,14,3,1.4,2,10.0,53.0,5.3,0.007317066192626953,0.00013589859008789062,QUBIT-LEVEL,"[2, 1, 0]","[2, 2, 2]","[2, 1, 0]","[1, 0, 2]"
ghz_indep_qiskit_3,3,19,16,3,14,3,1.5,2,10.0,53.0,5.3,0.006963014602661133,0.00019097328186035156,QUBIT-LEVEL,"[2, 1, 0]","[2, 2, 2]","[2, 1, 0]","[1, 0, 2]"
realamprandom_indep_qiskit_3,3,72,69,3,60,3,1.0,1,90.0,92.0,1.0222222222222221,0.006648063659667969,0.001177072525024414,QUBIT-LEVEL,"[1, 1, 1]","[1, 1, 1]","[1, 1, 1]","[2, 1, 0]"
realamprandom_indep_qiskit_3,3,72,69,3,60,3,1.1,2,60.0,211.0,3.5166666666666666,0.024489879608154297,0.0008378028869628906,QUBIT-LEVEL,"[2, 1, 0]","[2, 2, 2]","[2, 1, 0]","[2, 1, 0]"
realamprandom_indep_qiskit_3,3,72,69,3,60,3,1.2,2,60.0,211.0,3.5166666666666666,0.024538278579711914,0.0007531642913818359,QUBIT-LEVEL,"[2, 1, 0]","[2, 2, 2]","[2, 1, 0]","[2, 1, 0]"
realamprandom_indep_qiskit_3,3,72,69,3,60,3,1.3,2,60.0,211.0,3.5166666666666666,0.02490973472595215,0.0007879734039306641,QUBIT-LEVEL,"[2, 1, 0]","[2, 2, 2]","[2, 1, 0]","[2, 1, 0]"
realamprandom_indep_qiskit_3,3,72,69,3,60,3,1.4,2,60.0,211.0,3.5166666666666666,0.02400493621826172,0.0007250308990478516,QUBIT-LEVEL,"[2, 1, 0]","[2, 2, 2]","[2, 1, 0]","[2, 1, 0]"
realamprandom_indep_qiskit_3,3,72,69,3,60,3,1.5,2,60.0,211.0,3.5166666666666666,0.02235579490661621,0.0007369518280029297,QUBIT-LEVEL,"[2, 1, 0]","[2, 2, 2]","[2, 1, 0]","[2, 1, 0]"
dj_indep_qiskit_4,4,32,29,3,25,3,1.0,2,20.0,53.0,2.65,0.023649930953979492,0.0002548694610595703,QUBIT-LEVEL,"[2, 2, 0]","[2, 2, 2]","[2, 1, 0]","[1, 1, 1]"
dj_indep_qiskit_4,4,32,29,3,25,3,1.1,2,20.0,53.0,2.65,0.024938344955444336,0.00023174285888671875,QUBIT-LEVEL,"[2, 2, 0]","[2, 2, 2]","[2, 1, 0]","[1, 1, 1]"
dj_indep_qiskit_4,4,32,29,3,25,3,1.2,2,20.0,53.0,2.65,0.02451014518737793,0.00027298927307128906,QUBIT-LEVEL,"[2, 2, 0]","[2, 2, 2]","[2, 1, 0]","[1, 1, 1]"
dj_indep_qiskit_4,4,32,29,3,25,3,1.3,2,20.0,53.0,2.65,0.02565312385559082,0.0002627372741699219,QUBIT-LEVEL,"[2, 2, 0]","[2, 2, 2]","[2, 1, 0]","[1, 1, 1]"
dj_indep_qiskit_4,4,32,29,3,25,3,1.4,2,20.0,53.0,2.65,0.024431705474853516,0.0004127025604248047,QUBIT-LEVEL,"[2, 2, 0]","[2, 2, 2]","[2, 1, 0]","[1, 1, 1]"
dj_indep_qiskit_4,4,32,29,3,25,3,1.5,2,20.0,53.0,2.65,0.025721073150634766,0.0002770423889160156,QUBIT-LEVEL,"[2, 2, 0]","[2, 2, 2]","[2, 1, 0]","[1, 1, 1]"
graphstate_indep_qiskit_3,3,27,24,3,21,3,1.0,1,30.0,32.0,1.0666666666666667,0.0027811527252197266,0.0002338886260986328,QUBIT-LEVEL,"[1, 1, 1]","[1, 1, 1]","[1, 1, 1]","[2, 1, 0]"
graphstate_indep_qiskit_3,3,27,24,3,21,3,1.1,2,20.0,81.0,4.05,0.010344982147216797,0.00020074844360351562,QUBIT-LEVEL,"[2, 1, 0]","[2, 2, 2]","[2, 1, 0]","[2, 1, 0]"
graphstate_indep_qiskit_3,3,27,24,3,21,3,1.2,2,20.0,81.0,4.05,0.010286092758178711,0.000209808349609375,QUBIT-LEVEL,"[2, 1, 0]","[2, 2, 2]","[2, 1, 0]","[2, 1, 0]"
graphstate_indep_qiskit_3,3,27,24,3,21,3,1.3,2,20.0,81.0,4.05,0.010221004486083984,0.0002052783966064453,QUBIT-LEVEL,"[2, 1, 0]","[2, 2, 2]","[2, 1, 0]","[2, 1, 0]"
graphstate_indep_qiskit_3,3,27,24,3,21,3,1.4,2,20.0,81.0,4.05,0.01028299331665039,0.00021219253540039062,QUBIT-LEVEL,"[2, 1, 0]","[2, 2, 2]","[2, 1, 0]","[2, 1, 0]"
graphstate_indep_qiskit_3,3,27,24,3,21,3,1.5,2,20.0,81.0,4.05,0.009681224822998047,0.0002040863037109375,QUBIT-LEVEL,"[2, 1, 0]","[2, 2, 2]","[2, 1, 0]","[2, 1, 0]"
dj_indep_qiskit_5,5,42,38,4,33,3,1.0,2,30.0,73.0,2.433333333333333,0.15575122833251953,0.0003781318664550781,QUBIT-LEVEL,"[2, 2, 1]","[2, 2, 2]","[2, 1, 1]","[0, 3, 1]"
dj_indep_qiskit_5,5,42,38,4,33,3,1.1,2,30.0,73.0,2.433333333333333,0.1636519432067871,0.0003707408905029297,QUBIT-LEVEL,"[2, 2, 1]","[2, 2, 2]","[2, 1, 1]","[0, 3, 1]"
dj_indep_qiskit_5,5,42,38,4,33,3,1.2,2,30.0,73.0,2.433333333333333,0.16222095489501953,0.00039768218994140625,QUBIT-LEVEL,"[2, 2, 1]","[2, 2, 2]","[2, 1, 1]","[0, 3, 1]"
dj_indep_qiskit_5,5,42,38,4,33,3,1.3,3,20.0,82.0,4.1,0.3508491516113281,0.0002739429473876953,QUBIT-LEVEL,"[3, 2, 0]","[3, 3, 3]","[2, 2, 0]","[1, 1, 2]"
dj_indep_qiskit_5,5,42,38,4,33,3,1.4,3,20.0,82.0,4.1,0.3560779094696045,0.0002720355987548828,QUBIT-LEVEL,"[3, 2, 0]","[3, 3, 3]","[2, 2, 0]","[1, 1, 2]"
dj_indep_qiskit_5,5,42,38,4,33,3,1.5,3,20.0,82.0,4.1,0.34407711029052734,0.0002741813659667969,QUBIT-LEVEL,"[3, 2, 0]","[3, 3, 3]","[2, 2, 0]","[1, 1, 2]"
qftentangled_indep_qiskit_3,3,46,43,3,37,3,1.0,1,60.0,62.0,1.0333333333333334,0.0039327144622802734,0.0006799697875976562,QUBIT-LEVEL,"[1, 1, 1]","[1, 1, 1]","[1, 1, 1]","[1, 1, 1]"
qftentangled_indep_qiskit_3,3,46,43,3,37,3,1.1,2,40.0,143.0,3.575,0.015562057495117188,0.00045800209045410156,QUBIT-LEVEL,"[2, 1, 0]","[2, 2, 2]","[2, 1, 0]","[1, 0, 2]"
qftentangled_indep_qiskit_3,3,46,43,3,37,3,1.2,2,40.0,143.0,3.575,0.01541590690612793,0.0004341602325439453,QUBIT-LEVEL,"[2, 1, 0]","[2, 2, 2]","[2, 1, 0]","[1, 0, 2]"
qftentangled_indep_qiskit_3,3,46,43,3,37,3,1.3,2,40.0,143.0,3.575,0.015604019165039062,0.00040602684020996094,QUBIT-LEVEL,"[2, 1, 0]","[2, 2, 2]","[2, 1, 0]","[1, 0, 2]"
qftentangled_indep_qiskit_3,3,46,43,3,37,3,1.4,2,40.0,143.0,3.575,0.014980077743530273,0.00039887428283691406,QUBIT-LEVEL,"[2, 1, 0]","[2, 2, 2]","[2, 1, 0]","[1, 0, 2]"
qftentangled_indep_qiskit_3,3,46,43,3,37,3,1.5,2,40.0,143.0,3.575,0.01584792137145996,0.00041484832763671875,QUBIT-LEVEL,"[2, 1, 0]","[2, 2, 2]","[2, 1, 0]","[1, 0, 2]"
vqe_indep_qiskit_4,4,56,52,4,46,3,1.0,2,20.0,124.0,6.2,0.12656402587890625,0.0005991458892822266,QUBIT-LEVEL,"[2, 2, 0]","[2, 2, 2]","[2, 2, 0]","[3, 0, 1]"
vqe_indep_qiskit_4,4,56,52,4,46,3,1.1,2,20.0,124.0,6.2,0.12404608726501465,0.0005311965942382812,QUBIT-LEVEL,"[2, 2, 0]","[2, 2, 2]","[2, 2, 0]","[3, 0, 1]"
vqe_indep_qiskit_4,4,56,52,4,46,3,1.2,2,20.0,124.0,6.2,0.13186025619506836,0.0006120204925537109,QUBIT-LEVEL,"[2, 2, 0]","[2, 2, 2]","[2, 2, 0]","[3, 0, 1]"
vqe_indep_qiskit_4,4,56,52,4,46,3,1.3,2,20.0,124.0,6.2,0.12109589576721191,0.0005230903625488281,QUBIT-LEVEL,"[2, 2, 0]","[2, 2, 2]","[2, 2, 0]","[3, 0, 1]"
vqe_indep_qiskit_4,4,56,52,4,46,3,1.4,2,20.0,124.0,6.2,0.12087106704711914,0.0005731582641601562,QUBIT-LEVEL,"[2, 2, 0]","[2, 2, 2]","[2, 2, 0]","[3, 0, 1]"
vqe_indep_qiskit_4,4,56,52,4,46,3,1.5,2,20.0,124.0,6.2,0.12792682647705078,0.0005300045013427734,QUBIT-LEVEL,"[2, 2, 0]","[2, 2, 2]","[2, 2, 0]","[3, 0, 1]"
vqe_indep_qiskit_5,5,73,68,5,60,3,1.0,2,40.0,124.0,3.1,0.790673017501831,0.001032114028930664,QUBIT-LEVEL,"[2, 2, 1]","[2, 2, 2]","[2, 2, 1]","[4, 0, 1]"
vqe_indep_qiskit_5,5,73,68,5,60,3,1.1,2,40.0,124.0,3.1,0.7350571155548096,0.0009839534759521484,QUBIT-LEVEL,"[2, 2, 1]","[2, 2, 2]","[2, 2, 1]","[4, 0, 1]"
vqe_indep_qiskit_5,5,73,68,5,60,3,1.2,2,40.0,124.0,3.1,0.7402811050415039,0.0009989738464355469,QUBIT-LEVEL,"[2, 2, 1]","[2, 2, 2]","[2, 2, 1]","[4, 0, 1]"
vqe_indep_qiskit_5,5,73,68,5,60,3,1.3,3,20.0,155.0,7.75,1.7854692935943604,0.0005598068237304688,QUBIT-LEVEL,"[3, 2, 0]","[3, 3, 3]","[3, 2, 0]","[4, 0, 1]"
vqe_indep_qiskit_5,5,73,68,5,60,3,1.4,3,20.0,155.0,7.75,1.8064038753509521,0.0006241798400878906,QUBIT-LEVEL,"[3, 2, 0]","[3, 3, 3]","[3, 2, 0]","[4, 0, 1]"
vqe_indep_qiskit_5,5,73,68,5,60,3,1.5,3,20.0,155.0,7.75,1.777885913848877,0.0005669593811035156,QUBIT-LEVEL,"[3, 2, 0]","[3, 3, 3]","[3, 2, 0]","[4, 0, 1]"
grover-noancilla_indep_qiskit_3,3,49,46,3,40,3,1.0,1,60.0,63.0,1.05,0.004273891448974609,0.0005199909210205078,QUBIT-LEVEL,"[1, 1, 1]","[1, 1, 1]","[1, 1, 1]","[2, 0, 1]"
grover-noancilla_indep_qiskit_3,3,49,46,3,40,3,1.1,2,30.0,103.0,3.433333333333333,0.0288698673248291,0.00043892860412597656,QUBIT-LEVEL,"[2, 1, 0]","[2, 2, 2]","[2, 1, 0]","[1, 0, 2]"
grover-noancilla_indep_qiskit_3,3,49,46,3,40,3,1.2,2,30.0,103.0,3.433333333333333,0.015197038650512695,0.0003991127014160156,QUBIT-LEVEL,"[2, 1, 0]","[2, 2, 2]","[2, 1, 0]","[1, 0, 2]"
grover-noancilla_indep_qiskit_3,3,49,46,3,40,3,1.3,2,30.0,103.0,3.433333333333333,0.015429973602294922,0.00041794776916503906,QUBIT-LEVEL,"[2, 1, 0]","[2, 2, 2]","[2, 1, 0]","[1, 0, 2]"
grover-noancilla_indep_qiskit_3,3,49,46,3,40,3,1.4,2,30.0,103.0,3.433333333333333,0.015398979187011719,0.0004341602325439453,QUBIT-LEVEL,"[2, 1, 0]","[2, 2, 2]","[2, 1, 0]","[1, 0, 2]"
grover-noancilla_indep_qiskit_3,3,49,46,3,40,3,1.5,2,30.0,103.0,3.433333333333333,0.015690088272094727,0.00041294097900390625,QUBIT-LEVEL,"[2, 1, 0]","[2, 2, 2]","[2, 1, 0]","[1, 0, 2]"
su2random_indep_qiskit_3,3,72,69,3,60,3,1.0,1,90.0,92.0,1.0222222222222221,0.005989789962768555,0.000982046127319336,QUBIT-LEVEL,"[1, 1, 1]","[1, 1, 1]","[1, 1, 1]","[2, 1, 0]"
su2random_indep_qiskit_3,3,72,69,3,60,3,1.1,2,60.0,211.0,3.5166666666666666,0.022435903549194336,0.0007047653198242188,QUBIT-LEVEL,"[2, 1, 0]","[2, 2, 2]","[2, 1, 0]","[2, 1, 0]"
su2random_indep_qiskit_3,3,72,69,3,60,3,1.2,2,60.0,211.0,3.5166666666666666,0.022284984588623047,0.0007240772247314453,QUBIT-LEVEL,"[2, 1, 0]","[2, 2, 2]","[2, 1, 0]","[2, 1, 0]"
su2random_indep_qiskit_3,3,72,69,3,60,3,1.3,2,60.0,211.0,3.5166666666666666,0.02231907844543457,0.0007193088531494141,QUBIT-LEVEL,"[2, 1, 0]","[2, 2, 2]","[2, 1, 0]","[2, 1, 0]"
su2random_indep_qiskit_3,3,72,69,3,60,3,1.4,2,60.0,211.0,3.5166666666666666,0.021867990493774414,0.0007288455963134766,QUBIT-LEVEL,"[2, 1, 0]","[2, 2, 2]","[2, 1, 0]","[2, 1, 0]"
su2random_indep_qiskit_3,3,72,69,3,60,3,1.5,2,60.0,211.0,3.5166666666666666,0.022448062896728516,0.0007150173187255859,QUBIT-LEVEL,"[2, 1, 0]","[2, 2, 2]","[2, 1, 0]","[2, 1, 0]"
pricingput_indep_qiskit_5,5,170,165,5,139,3,1.0,2,80.0,262.0,3.275,1.7794041633605957,0.0042951107025146484,QUBIT-LEVEL,"[2, 2, 1]","[2, 2, 2]","[2, 2, 1]","[1, 1, 3]"
pricingput_indep_qiskit_5,5,170,165,5,139,3,1.1,2,80.0,262.0,3.275,1.7782111167907715,0.0044269561767578125,QUBIT-LEVEL,"[2, 2, 1]","[2, 2, 2]","[2, 2, 1]","[1, 1, 3]"
pricingput_indep_qiskit_5,5,170,165,5,139,3,1.2,2,80.0,262.0,3.275,1.7851369380950928,0.004366159439086914,QUBIT-LEVEL,"[2, 2, 1]","[2, 2, 2]","[2, 2, 1]","[1, 1, 3]"
pricingput_indep_qiskit_5,5,170,165,5,139,3,1.3,3,70.0,401.0,5.728571428571429,4.194355010986328,0.0031130313873291016,QUBIT-LEVEL,"[3, 2, 0]","[3, 3, 3]","[3, 2, 0]","[1, 1, 3]"
pricingput_indep_qiskit_5,5,170,165,5,139,3,1.4,3,70.0,401.0,5.728571428571429,4.2708048820495605,0.004177093505859375,QUBIT-LEVEL,"[3, 2, 0]","[3, 3, 3]","[3, 2, 0]","[1, 1, 3]"
pricingput_indep_qiskit_5,5,170,165,5,139,3,1.5,3,70.0,401.0,5.728571428571429,4.189805030822754,0.0030901432037353516,QUBIT-LEVEL,"[3, 2, 0]","[3, 3, 3]","[3, 2, 0]","[1, 1, 3]"
ae_indep_qiskit_4,4,75,71,4,62,3,1.0,2,60.0,214.0,3.566666666666667,0.15877199172973633,0.0008099079132080078,QUBIT-LEVEL,"[2, 2, 0]","[2, 2, 2]","[2, 2, 0]","[1, 2, 1]"
ae_indep_qiskit_4,4,75,71,4,62,3,1.1,2,60.0,214.0,3.566666666666667,0.15639114379882812,0.0007758140563964844,QUBIT-LEVEL,"[2, 2, 0]","[2, 2, 2]","[2, 2, 0]","[1, 2, 1]"
ae_indep_qiskit_4,4,75,71,4,62,3,1.2,2,60.0,214.0,3.566666666666667,0.15390300750732422,0.0008111000061035156,QUBIT-LEVEL,"[2, 2, 0]","[2, 2, 2]","[2, 2, 0]","[1, 2, 1]"
ae_indep_qiskit_4,4,75,71,4,62,3,1.3,2,60.0,214.0,3.566666666666667,0.15555286407470703,0.0007898807525634766,QUBIT-LEVEL,"[2, 2, 0]","[2, 2, 2]","[2, 2, 0]","[1, 2, 1]"
ae_indep_qiskit_4,4,75,71,4,62,3,1.4,2,60.0,214.0,3.566666666666667,0.1633601188659668,0.0008969306945800781,QUBIT-LEVEL,"[2, 2, 0]","[2, 2, 2]","[2, 2, 0]","[1, 2, 1]"
ae_indep_qiskit_4,4,75,71,4,62,3,1.5,2,60.0,214.0,3.566666666666667,0.15797090530395508,0.0007758140563964844,QUBIT-LEVEL,"[2, 2, 0]","[2, 2, 2]","[2, 2, 0]","[1, 2, 1]"
qft_indep_qiskit_4,4,60,56,4,48,3,1.0,2,40.0,112.0,2.8,0.12264299392700195,0.0005669593811035156,QUBIT-LEVEL,"[2, 2, 0]","[2, 2, 2]","[2, 2, 0]","[1, 1, 2]"
qft_indep_qiskit_4,4,60,56,4,48,3,1.1,2,40.0,112.0,2.8,0.1250009536743164,0.0005900859832763672,QUBIT-LEVEL,"[2, 2, 0]","[2, 2, 2]","[2, 2, 0]","[1, 1, 2]"
qft_indep_qiskit_4,4,60,56,4,48,3,1.2,2,40.0,112.0,2.8,0.12461996078491211,0.0005698204040527344,QUBIT-LEVEL,"[2, 2, 0]","[2, 2, 2]","[2, 2, 0]","[1, 1, 2]"
qft_indep_qiskit_4,4,60,56,4,48,3,1.3,2,40.0,112.0,2.8,0.12453484535217285,0.0005681514739990234,QUBIT-LEVEL,"[2, 2, 0]","[2, 2, 2]","[2, 2, 0]","[1, 1, 2]"
qft_indep_qiskit_4,4,60,56,4,48,3,1.4,2,40.0,112.0,2.8,0.12195181846618652,0.0005738735198974609,QUBIT-LEVEL,"[2, 2, 0]","[2, 2, 2]","[2, 2, 0]","[1, 1, 2]"
qft_indep_qiskit_4,4,60,56,4,48,3,1.5,2,40.0,112.0,2.8,0.12321710586547852,0.0005848407745361328,QUBIT-LEVEL,"[2, 2, 0]","[2, 2, 2]","[2, 2, 0]","[1, 1, 2]"
ae_indep_qiskit_5,5,111,106,5,92,3,1.0,2,110.0,304.0,2.7636363636363637,1.1547892093658447,0.001814126968383789,QUBIT-LEVEL,"[2, 2, 1]","[2, 2, 2]","[2, 2, 1]","[2, 2, 1]"
ae_indep_qiskit_5,5,111,106,5,92,3,1.1,2,110.0,304.0,2.7636363636363637,1.2205569744110107,0.0019969940185546875,QUBIT-LEVEL,"[2, 2, 1]","[2, 2, 2]","[2, 2, 1]","[2, 2, 1]"
ae_indep_qiskit_5,5,111,106,5,92,3,1.2,2,110.0,304.0,2.7636363636363637,1.21293306350708,0.0020949840545654297,QUBIT-LEVEL,"[2, 2, 1]","[2, 2, 2]","[2, 2, 1]","[2, 2, 1]"
ae_indep_qiskit_5,5,111,106,5,92,3,1.3,3,80.0,195.0,2.4375,2.8327419757843018,0.0013577938079833984,QUBIT-LEVEL,"[3, 2, 0]","[3, 3, 3]","[3, 2, 0]","[2, 1, 2]"
ae_indep_qiskit_5,5,111,106,5,92,3,1.4,3,80.0,195.0,2.4375,2.7653050422668457,0.0011687278747558594,QUBIT-LEVEL,"[3, 2, 0]","[3, 3, 3]","[3, 2, 0]","[2, 1, 2]"
ae_indep_qiskit_5,5,111,106,5,92,3,1.5,3,80.0,195.0,2.4375,2.7563281059265137,0.001230001449584961,QUBIT-LEVEL,"[3, 2, 0]","[3, 3, 3]","[3, 2, 0]","[2, 1, 2]"
su2random_indep_qiskit_4,4,132,128,4,110,3,1.0,2,120.0,222.0,1.85,0.2806086540222168,0.002702951431274414,QUBIT-LEVEL,"[2, 2, 0]","[2, 2, 2]","[2, 2, 0]","[1, 0, 3]"
su2random_indep_qiskit_4,4,132,128,4,110,3,1.1,2,120.0,222.0,1.85,0.29423093795776367,0.002707958221435547,QUBIT-LEVEL,"[2, 2, 0]","[2, 2, 2]","[2, 2, 0]","[1, 0, 3]"
su2random_indep_qiskit_4,4,132,128,4,110,3,1.2,2,120.0,222.0,1.85,0.30336904525756836,0.0024099349975585938,QUBIT-LEVEL,"[2, 2, 0]","[2, 2, 2]","[2, 2, 0]","[1, 0, 3]"
su2random_indep_qiskit_4,4,132,128,4,110,3,1.3,2,120.0,222.0,1.85,0.2869110107421875,0.002463102340698242,QUBIT-LEVEL,"[2, 2, 0]","[2, 2, 2]","[2, 2, 0]","[1, 0, 3]"
su2random_indep_qiskit_4,4,132,128,4,110,3,1.4,2,120.0,222.0,1.85,0.2947728633880615,0.002652883529663086,QUBIT-LEVEL,"[2, 2, 0]","[2, 2, 2]","[2, 2, 0]","[1, 0, 3]"
su2random_indep_qiskit_4,4,132,128,4,110,3,1.5,2,120.0,222.0,1.85,0.2986629009246826,0.002560138702392578,QUBIT-LEVEL,"[2, 2, 0]","[2, 2, 2]","[2, 2, 0]","[1, 0, 3]"
grover-noancilla_indep_qiskit_4,4,198,194,4,164,3,1.0,2,160.0,331.0,2.06875,0.42928504943847656,0.004729747772216797,QUBIT-LEVEL,"[2, 2, 0]","[2, 2, 2]","[2, 2, 0]","[2, 1, 1]"
grover-noancilla_indep_qiskit_4,4,198,194,4,164,3,1.1,2,160.0,331.0,2.06875,0.4397239685058594,0.007389068603515625,QUBIT-LEVEL,"[2, 2, 0]","[2, 2, 2]","[2, 2, 0]","[2, 1, 1]"
grover-noancilla_indep_qiskit_4,4,198,194,4,164,3,1.2,2,160.0,331.0,2.06875,0.4203217029571533,0.005293130874633789,QUBIT-LEVEL,"[2, 2, 0]","[2, 2, 2]","[2, 2, 0]","[2, 1, 1]"
grover-noancilla_indep_qiskit_4,4,198,194,4,164,3,1.3,2,160.0,331.0,2.06875,0.4239048957824707,0.004681825637817383,QUBIT-LEVEL,"[2, 2, 0]","[2, 2, 2]","[2, 2, 0]","[2, 1, 1]"
grover-noancilla_indep_qiskit_4,4,198,194,4,164,3,1.4,2,160.0,331.0,2.06875,0.4286060333251953,0.005038261413574219,QUBIT-LEVEL,"[2, 2, 0]","[2, 2, 2]","[2, 2, 0]","[2, 1, 1]"
grover-noancilla_indep_qiskit_4,4,198,194,4,164,3,1.5,2,160.0,331.0,2.06875,0.42482900619506836,0.004845142364501953,QUBIT-LEVEL,"[2, 2, 0]","[2, 2, 2]","[2, 2, 0]","[2, 1, 1]"
grover-noancilla_indep_qiskit_5,5,846,841,5,712,3,1.0,2,870.0,1672.0,1.92183908045977,9.22261095046997,0.1150977611541748,QUBIT-LEVEL,"[2, 1, 2]","[2, 2, 2]","[2, 1, 2]","[3, 2, 0]"
grover-noancilla_indep_qiskit_5,5,846,841,5,712,3,1.1,2,870.0,1672.0,1.92183908045977,9.303835153579712,0.12142086029052734,QUBIT-LEVEL,"[2, 1, 2]","[2, 2, 2]","[2, 1, 2]","[3, 2, 0]"
grover-noancilla_indep_qiskit_5,5,846,841,5,712,3,1.2,2,870.0,1672.0,1.92183908045977,9.5122971534729,0.12646222114562988,QUBIT-LEVEL,"[2, 1, 2]","[2, 2, 2]","[2, 1, 2]","[3, 2, 0]"
grover-noancilla_indep_qiskit_5,5,846,841,5,712,3,1.3,3,630.0,1773.0,2.8142857142857145,20.945136785507202,0.09621405601501465,QUBIT-LEVEL,"[3, 2, 0]","[3, 3, 3]","[3, 2, 0]","[3, 1, 1]"
grover-noancilla_indep_qiskit_5,5,846,841,5,712,3,1.4,3,630.0,1773.0,2.8142857142857145,21.0279541015625,0.08284783363342285,QUBIT-LEVEL,"[3, 2, 0]","[3, 3, 3]","[3, 2, 0]","[3, 1, 1]"
grover-noancilla_indep_qiskit_5,5,846,841,5,712,3,1.5,3,630.0,1773.0,2.8142857142857145,20.952664852142334,0.08360671997070312,QUBIT-LEVEL,"[3, 2, 0]","[3, 3, 3]","[3, 2, 0]","[3, 1, 1]"
groundstate_small_indep_qiskit_4,4,92,88,4,76,3,1.0,2,80.0,152.0,1.9,0.19936513900756836,0.0012590885162353516,QUBIT-LEVEL,"[2, 2, 0]","[2, 2, 2]","[2, 2, 0]","[1, 0, 3]"
groundstate_small_indep_qiskit_4,4,92,88,4,76,3,1.1,2,80.0,152.0,1.9,0.19020915031433105,0.0018570423126220703,QUBIT-LEVEL,"[2, 2, 0]","[2, 2, 2]","[2, 2, 0]","[1, 0, 3]"
groundstate_small_indep_qiskit_4,4,92,88,4,76,3,1.2,2,80.0,152.0,1.9,0.18826699256896973,0.001216888427734375,QUBIT-LEVEL,"[2, 2, 0]","[2, 2, 2]","[2, 2, 0]","[1, 0, 3]"
groundstate_small_indep_qiskit_4,4,92,88,4,76,3,1.3,2,80.0,152.0,1.9,0.1902017593383789,0.00131988525390625,QUBIT-LEVEL,"[2, 2, 0]","[2, 2, 2]","[2, 2, 0]","[1, 0, 3]"
groundstate_small_indep_qiskit_4,4,92,88,4,76,3,1.4,2,80.0,152.0,1.9,0.1930241584777832,0.0012807846069335938,QUBIT-LEVEL,"[2, 2, 0]","[2, 2, 2]","[2, 2, 0]","[1, 0, 3]"
groundstate_small_indep_qiskit_4,4,92,88,4,76,3,1.5,2,80.0,152.0,1.9,0.18707680702209473,0.0011980533599853516,QUBIT-LEVEL,"[2, 2, 0]","[2, 2, 2]","[2, 2, 0]","[1, 0, 3]"
su2random_indep_qiskit_5,5,210,205,5,175,3,1.0,2,240.0,261.0,1.0875,2.138115167617798,0.006413936614990234,QUBIT-LEVEL,"[2, 2, 1]","[2, 2, 2]","[2, 2, 1]","[2, 0, 3]"
su2random_indep_qiskit_5,5,210,205,5,175,3,1.1,2,240.0,261.0,1.0875,2.1820061206817627,0.006417036056518555,QUBIT-LEVEL,"[2, 2, 1]","[2, 2, 2]","[2, 2, 1]","[2, 0, 3]"
su2random_indep_qiskit_5,5,210,205,5,175,3,1.2,2,240.0,261.0,1.0875,2.172423839569092,0.0063359737396240234,QUBIT-LEVEL,"[2, 2, 1]","[2, 2, 2]","[2, 2, 1]","[2, 0, 3]"
su2random_indep_qiskit_5,5,210,205,5,175,3,1.3,3,180.0,462.0,2.566666666666667,5.15195107460022,0.005422115325927734,QUBIT-LEVEL,"[3, 2, 0]","[3, 3, 3]","[3, 2, 0]","[4, 1, 0]"
su2random_indep_qiskit_5,5,210,205,5,175,3,1.4,3,180.0,462.0,2.566666666666667,5.0799360275268555,0.0049169063568115234,QUBIT-LEVEL,"[3, 2, 0]","[3, 3, 3]","[3, 2, 0]","[4, 1, 0]"
su2random_indep_qiskit_5,5,210,205,5,175,3,1.5,3,180.0,462.0,2.566666666666667,5.195382118225098,0.00551295280456543,QUBIT-LEVEL,"[3, 2, 0]","[3, 3, 3]","[3, 2, 0]","[4, 1, 0]"
qft_indep_qiskit_3,3,33,30,3,26,3,1.0,1,40.0,42.0,1.05,0.002972126007080078,0.00028395652770996094,QUBIT-LEVEL,"[1, 1, 1]","[1, 1, 1]","[1, 1, 1]","[1, 1, 1]"
qft_indep_qiskit_3,3,33,30,3,26,3,1.1,2,20.0,83.0,4.15,0.011586904525756836,0.00026869773864746094,QUBIT-LEVEL,"[2, 1, 0]","[2, 2, 2]","[2, 1, 0]","[0, 1, 2]"
qft_indep_qiskit_3,3,33,30,3,26,3,1.2,2,20.0,83.0,4.15,0.01143503189086914,0.0002529621124267578,QUBIT-LEVEL,"[2, 1, 0]","[2, 2, 2]","[2, 1, 0]","[0, 1, 2]"
qft_indep_qiskit_3,3,33,30,3,26,3,1.3,2,20.0,83.0,4.15,0.010715723037719727,0.0002460479736328125,QUBIT-LEVEL,"[2, 1, 0]","[2, 2, 2]","[2, 1, 0]","[0, 1, 2]"
qft_indep_qiskit_3,3,33,30,3,26,3,1.4,2,20.0,83.0,4.15,0.010666847229003906,0.00023794174194335938,QUBIT-LEVEL,"[2, 1, 0]","[2, 2, 2]","[2, 1, 0]","[0, 1, 2]"
qft_indep_qiskit_3,3,33,30,3,26,3,1.5,2,20.0,83.0,4.15,0.010962963104248047,0.000263214111328125,QUBIT-LEVEL,"[2, 1, 0]","[2, 2, 2]","[2, 1, 0]","[0, 1, 2]"
ae_indep_qiskit_3,3,45,42,3,37,3,1.0,1,50.0,53.0,1.06,0.003970623016357422,0.00044608116149902344,QUBIT-LEVEL,"[1, 1, 1]","[1, 1, 1]","[1, 1, 1]","[1, 1, 1]"
ae_indep_qiskit_3,3,45,42,3,37,3,1.1,2,30.0,143.0,4.766666666666667,0.014654159545898438,0.00041985511779785156,QUBIT-LEVEL,"[2, 1, 0]","[2, 2, 2]","[2, 1, 0]","[1, 1, 1]"
ae_indep_qiskit_3,3,45,42,3,37,3,1.2,2,30.0,143.0,4.766666666666667,0.014477014541625977,0.00037479400634765625,QUBIT-LEVEL,"[2, 1, 0]","[2, 2, 2]","[2, 1, 0]","[1, 1, 1]"
ae_indep_qiskit_3,3,45,42,3,37,3,1.3,2,30.0,143.0,4.766666666666667,0.015211105346679688,0.00037407875061035156,QUBIT-LEVEL,"[2, 1, 0]","[2, 2, 2]","[2, 1, 0]","[1, 1, 1]"
ae_indep_qiskit_3,3,45,42,3,37,3,1.4,2,30.0,143.0,4.766666666666667,0.016835689544677734,0.00036406517028808594,QUBIT-LEVEL,"[2, 1, 0]","[2, 2, 2]","[2, 1, 0]","[1, 1, 1]"
ae_indep_qiskit_3,3,45,42,3,37,3,1.5,2,30.0,143.0,4.766666666666667,0.016028165817260742,0.00041174888610839844,QUBIT-LEVEL,"[2, 1, 0]","[2, 2, 2]","[2, 1, 0]","[1, 1, 1]"
grover-v-chain_indep_qiskit_5,5,642,637,5,532,3,1.0,2,660.0,1144.0,1.7333333333333334,7.060504913330078,0.07049393653869629,QUBIT-LEVEL,"[2, 2, 1]","[2, 2, 2]","[2, 2, 1]","[2, 1, 2]"
grover-v-chain_indep_qiskit_5,5,642,637,5,532,3,1.1,2,660.0,1144.0,1.7333333333333334,6.8847949504852295,0.07466673851013184,QUBIT-LEVEL,"[2, 2, 1]","[2, 2, 2]","[2, 2, 1]","[2, 1, 2]"
grover-v-chain_indep_qiskit_5,5,642,637,5,532,3,1.2,2,660.0,1144.0,1.7333333333333334,6.8863749504089355,0.07666993141174316,QUBIT-LEVEL,"[2, 2, 1]","[2, 2, 2]","[2, 2, 1]","[2, 1, 2]"
grover-v-chain_indep_qiskit_5,5,642,637,5,532,3,1.3,3,420.0,1274.0,3.033333333333333,15.92466115951538,0.046530961990356445,QUBIT-LEVEL,"[3, 2, 0]","[3, 3, 3]","[3, 2, 0]","[2, 1, 2]"
grover-v-chain_indep_qiskit_5,5,642,637,5,532,3,1.4,3,420.0,1274.0,3.033333333333333,15.9042649269104,0.04660987854003906,QUBIT-LEVEL,"[3, 2, 0]","[3, 3, 3]","[3, 2, 0]","[2, 1, 2]"
grover-v-chain_indep_qiskit_5,5,642,637,5,532,3,1.5,3,420.0,1274.0,3.033333333333333,15.878159761428833,0.04921388626098633,QUBIT-LEVEL,"[3, 2, 0]","[3, 3, 3]","[3, 2, 0]","[2, 1, 2]"
portfoliovqe_indep_qiskit_5,5,210,205,5,175,3,1.0,2,240.0,261.0,1.0875,2.1780378818511963,0.006234884262084961,QUBIT-LEVEL,"[2, 2, 1]","[2, 2, 2]","[2, 2, 1]","[2, 0, 3]"
portfoliovqe_indep_qiskit_5,5,210,205,5,175,3,1.1,2,240.0,261.0,1.0875,2.192309856414795,0.0064733028411865234,QUBIT-LEVEL,"[2, 2, 1]","[2, 2, 2]","[2, 2, 1]","[2, 0, 3]"
portfoliovqe_indep_qiskit_5,5,210,205,5,175,3,1.2,2,240.0,261.0,1.0875,2.2868359088897705,0.006894111633300781,QUBIT-LEVEL,"[2, 2, 1]","[2, 2, 2]","[2, 2, 1]","[2, 0, 3]"
portfoliovqe_indep_qiskit_5,5,210,205,5,175,3,1.3,3,180.0,462.0,2.566666666666667,5.059165000915527,0.004984855651855469,QUBIT-LEVEL,"[3, 2, 0]","[3, 3, 3]","[3, 2, 0]","[4, 1, 0]"
portfoliovqe_indep_qiskit_5,5,210,205,5,175,3,1.4,3,180.0,462.0,2.566666666666667,5.0974578857421875,0.004887819290161133,QUBIT-LEVEL,"[3, 2, 0]","[3, 3, 3]","[3, 2, 0]","[4, 1, 0]"
portfoliovqe_indep_qiskit_5,5,210,205,5,175,3,1.5,3,180.0,462.0,2.566666666666667,5.013823986053467,0.004900693893432617,QUBIT-LEVEL,"[3, 2, 0]","[3, 3, 3]","[3, 2, 0]","[4, 1, 0]"
qnn_indep_qiskit_5,5,314,309,5,265,3,1.0,2,340.0,374.0,1.1,3.391544818878174,0.015001058578491211,QUBIT-LEVEL,"[2, 2, 1]","[2, 2, 2]","[2, 2, 1]","[1, 1, 3]"
qnn_indep_qiskit_5,5,314,309,5,265,3,1.1,2,340.0,374.0,1.1,3.2911458015441895,0.0160372257232666,QUBIT-LEVEL,"[2, 2, 1]","[2, 2, 2]","[2, 2, 1]","[1, 1, 3]"
qnn_indep_qiskit_5,5,314,309,5,265,3,1.2,2,340.0,374.0,1.1,3.4163057804107666,0.014845132827758789,QUBIT-LEVEL,"[2, 2, 1]","[2, 2, 2]","[2, 2, 1]","[1, 1, 3]"
qnn_indep_qiskit_5,5,314,309,5,265,3,1.3,3,250.0,645.0,2.58,7.626307964324951,0.011987924575805664,QUBIT-LEVEL,"[3, 2, 0]","[3, 3, 3]","[3, 2, 0]","[1, 1, 3]"
qnn_indep_qiskit_5,5,314,309,5,265,3,1.4,3,250.0,645.0,2.58,7.706407785415649,0.010846138000488281,QUBIT-LEVEL,"[3, 2, 0]","[3, 3, 3]","[3, 2, 0]","[1, 1, 3]"
qnn_indep_qiskit_5,5,314,309,5,265,3,1.5,3,250.0,645.0,2.58,7.539738178253174,0.012346982955932617,QUBIT-LEVEL,"[3, 2, 0]","[3, 3, 3]","[3, 2, 0]","[1, 1, 3]"
qnn_indep_qiskit_4,4,198,194,4,167,3,1.0,2,170.0,344.0,2.023529411764706,0.41345906257629395,0.004904985427856445,QUBIT-LEVEL,"[2, 2, 0]","[2, 2, 2]","[2, 2, 0]","[1, 1, 2]"
qnn_indep_qiskit_4,4,198,194,4,167,3,1.1,2,170.0,344.0,2.023529411764706,0.4080202579498291,0.005276918411254883,QUBIT-LEVEL,"[2, 2, 0]","[2, 2, 2]","[2, 2, 0]","[1, 1, 2]"
qnn_indep_qiskit_4,4,198,194,4,167,3,1.2,2,170.0,344.0,2.023529411764706,0.40957188606262207,0.005026817321777344,QUBIT-LEVEL,"[2, 2, 0]","[2, 2, 2]","[2, 2, 0]","[1, 1, 2]"
qnn_indep_qiskit_4,4,198,194,4,167,3,1.3,2,170.0,344.0,2.023529411764706,0.4148428440093994,0.0050809383392333984,QUBIT-LEVEL,"[2, 2, 0]","[2, 2, 2]","[2, 2, 0]","[1, 1, 2]"
qnn_indep_qiskit_4,4,198,194,4,167,3,1.4,2,170.0,344.0,2.023529411764706,0.40867114067077637,0.005800962448120117,QUBIT-LEVEL,"[2, 2, 0]","[2, 2, 2]","[2, 2, 0]","[1, 1, 2]"
qnn_indep_qiskit_4,4,198,194,4,167,3,1.5,2,170.0,344.0,2.023529411764706,0.42480015754699707,0.0054552555084228516,QUBIT-LEVEL,"[2, 2, 0]","[2, 2, 2]","[2, 2, 0]","[1, 1, 2]"
portfoliovqe_indep_qiskit_4,4,132,128,4,110,3,1.0,2,120.0,222.0,1.85,0.28522491455078125,0.0024919509887695312,QUBIT-LEVEL,"[2, 2, 0]","[2, 2, 2]","[2, 2, 0]","[1, 0, 3]"
portfoliovqe_indep_qiskit_4,4,132,128,4,110,3,1.1,2,120.0,222.0,1.85,0.2732210159301758,0.0024802684783935547,QUBIT-LEVEL,"[2, 2, 0]","[2, 2, 2]","[2, 2, 0]","[1, 0, 3]"
portfoliovqe_indep_qiskit_4,4,132,128,4,110,3,1.2,2,120.0,222.0,1.85,0.27878499031066895,0.0023763179779052734,QUBIT-LEVEL,"[2, 2, 0]","[2, 2, 2]","[2, 2, 0]","[1, 0, 3]"
portfoliovqe_indep_qiskit_4,4,132,128,4,110,3,1.3,2,120.0,222.0,1.85,0.28050780296325684,0.002562999725341797,QUBIT-LEVEL,"[2, 2, 0]","[2, 2, 2]","[2, 2, 0]","[1, 0, 3]"
portfoliovqe_indep_qiskit_4,4,132,128,4,110,3,1.4,2,120.0,222.0,1.85,0.2864420413970947,0.0025610923767089844,QUBIT-LEVEL,"[2, 2, 0]","[2, 2, 2]","[2, 2, 0]","[1, 0, 3]"
portfoliovqe_indep_qiskit_4,4,132,128,4,110,3,1.5,2,120.0,222.0,1.85,0.29639387130737305,0.0025691986083984375,QUBIT-LEVEL,"[2, 2, 0]","[2, 2, 2]","[2, 2, 0]","[1, 0, 3]"
random_indep_qiskit_3,3,60,57,3,49,3,1.0,1,70.0,72.0,1.0285714285714285,0.005545854568481445,0.0006802082061767578,QUBIT-LEVEL,"[1, 1, 1]","[1, 1, 1]","[1, 1, 1]","[2, 1, 0]"
random_indep_qiskit_3,3,60,57,3,49,3,1.1,2,40.0,143.0,3.575,0.019472837448120117,0.00057220458984375,QUBIT-LEVEL,"[1, 2, 0]","[2, 2, 2]","[1, 2, 0]","[2, 0, 1]"
random_indep_qiskit_3,3,60,57,3,49,3,1.2,2,40.0,143.0,3.575,0.01901078224182129,0.0005640983581542969,QUBIT-LEVEL,"[1, 2, 0]","[2, 2, 2]","[1, 2, 0]","[2, 0, 1]"
random_indep_qiskit_3,3,60,57,3,49,3,1.3,2,40.0,143.0,3.575,0.018716096878051758,0.0007867813110351562,QUBIT-LEVEL,"[1, 2, 0]","[2, 2, 2]","[1, 2, 0]","[2, 0, 1]"
random_indep_qiskit_3,3,60,57,3,49,3,1.4,2,40.0,143.0,3.575,0.018820762634277344,0.0005738735198974609,QUBIT-LEVEL,"[1, 2, 0]","[2, 2, 2]","[1, 2, 0]","[2, 0, 1]"
random_indep_qiskit_3,3,60,57,3,49,3,1.5,2,40.0,143.0,3.575,0.018767833709716797,0.0005650520324707031,QUBIT-LEVEL,"[1, 2, 0]","[2, 2, 2]","[1, 2, 0]","[2, 0, 1]"
grover-v-chain_indep_qiskit_4,4,198,194,4,164,3,1.0,2,160.0,331.0,2.06875,0.43863987922668457,0.00538182258605957,QUBIT-LEVEL,"[2, 2, 0]","[2, 2, 2]","[2, 2, 0]","[2, 1, 1]"
grover-v-chain_indep_qiskit_4,4,198,194,4,164,3,1.1,2,160.0,331.0,2.06875,0.436751127243042,0.004689931869506836,QUBIT-LEVEL,"[2, 2, 0]","[2, 2, 2]","[2, 2, 0]","[2, 1, 1]"
grover-v-chain_indep_qiskit_4,4,198,194,4,164,3,1.2,2,160.0,331.0,2.06875,0.40720105171203613,0.004687070846557617,QUBIT-LEVEL,"[2, 2, 0]","[2, 2, 2]","[2, 2, 0]","[2, 1, 1]"
grover-v-chain_indep_qiskit_4,4,198,194,4,164,3,1.3,2,160.0,331.0,2.06875,0.40107297897338867,0.004709005355834961,QUBIT-LEVEL,"[2, 2, 0]","[2, 2, 2]","[2, 2, 0]","[2, 1, 1]"
grover-v-chain_indep_qiskit_4,4,198,194,4,164,3,1.4,2,160.0,331.0,2.06875,0.4414520263671875,0.00477910041809082,QUBIT-LEVEL,"[2, 2, 0]","[2, 2, 2]","[2, 2, 0]","[2, 1, 1]"
grover-v-chain_indep_qiskit_4,4,198,194,4,164,3,1.5,2,160.0,331.0,2.06875,0.40361499786376953,0.004855155944824219,QUBIT-LEVEL,"[2, 2, 0]","[2, 2, 2]","[2, 2, 0]","[2, 1, 1]"
qpeexact_indep_qiskit_5,5,90,86,4,73,3,1.0,2,80.0,92.0,1.15,0.3042449951171875,0.0016150474548339844,QUBIT-LEVEL,"[2, 2, 1]","[2, 2, 2]","[2, 2, 0]","[2, 1, 1]"
qpeexact_indep_qiskit_5,5,90,86,4,73,3,1.1,2,80.0,92.0,1.15,0.30339932441711426,0.0013301372528076172,QUBIT-LEVEL,"[2, 2, 1]","[2, 2, 2]","[2, 2, 0]","[2, 1, 1]"
qpeexact_indep_qiskit_5,5,90,86,4,73,3,1.2,2,80.0,92.0,1.15,0.30068516731262207,0.0013151168823242188,QUBIT-LEVEL,"[2, 2, 1]","[2, 2, 2]","[2, 2, 0]","[2, 1, 1]"
qpeexact_indep_qiskit_5,5,90,86,4,73,3,1.3,3,60.0,173.0,2.8833333333333333,0.6990888118743896,0.0009453296661376953,QUBIT-LEVEL,"[3, 2, 0]","[3, 3, 3]","[2, 2, 0]","[0, 0, 4]"
qpeexact_indep_qiskit_5,5,90,86,4,73,3,1.4,3,60.0,173.0,2.8833333333333333,0.6948652267456055,0.000982046127319336,QUBIT-LEVEL,"[3, 2, 0]","[3, 3, 3]","[2, 2, 0]","[0, 0, 4]"
qpeexact_indep_qiskit_5,5,90,86,4,73,3,1.5,3,60.0,173.0,2.8833333333333333,0.7061851024627686,0.0009908676147460938,QUBIT-LEVEL,"[3, 2, 0]","[3, 3, 3]","[2, 2, 0]","[0, 0, 4]"
qpeexact_indep_qiskit_4,4,44,41,3,35,3,1.0,2,30.0,82.0,2.7333333333333334,0.031022071838378906,0.0003650188446044922,QUBIT-LEVEL,"[2, 2, 0]","[2, 2, 2]","[2, 1, 0]","[3, 0, 0]"
qpeexact_indep_qiskit_4,4,44,41,3,35,3,1.1,2,30.0,82.0,2.7333333333333334,0.030908823013305664,0.0003571510314941406,QUBIT-LEVEL,"[2, 2, 0]","[2, 2, 2]","[2, 1, 0]","[3, 0, 0]"
qpeexact_indep_qiskit_4,4,44,41,3,35,3,1.2,2,30.0,82.0,2.7333333333333334,0.04445815086364746,0.0003612041473388672,QUBIT-LEVEL,"[2, 2, 0]","[2, 2, 2]","[2, 1, 0]","[3, 0, 0]"
qpeexact_indep_qiskit_4,4,44,41,3,35,3,1.3,2,30.0,82.0,2.7333333333333334,0.03178811073303223,0.00036215782165527344,QUBIT-LEVEL,"[2, 2, 0]","[2, 2, 2]","[2, 1, 0]","[3, 0, 0]"
qpeexact_indep_qiskit_4,4,44,41,3,35,3,1.4,2,30.0,82.0,2.7333333333333334,0.032032012939453125,0.00038313865661621094,QUBIT-LEVEL,"[2, 2, 0]","[2, 2, 2]","[2, 1, 0]","[3, 0, 0]"
qpeexact_indep_qiskit_4,4,44,41,3,35,3,1.5,2,30.0,82.0,2.7333333333333334,0.032526254653930664,0.00035500526428222656,QUBIT-LEVEL,"[2, 2, 0]","[2, 2, 2]","[2, 1, 0]","[3, 0, 0]"
portfolioqaoa_indep_qiskit_3,3,72,69,3,60,3,1.0,1,90.0,92.0,1.0222222222222221,0.0059888362884521484,0.0008790493011474609,QUBIT-LEVEL,"[1, 1, 1]","[1, 1, 1]","[1, 1, 1]","[2, 1, 0]"
portfolioqaoa_indep_qiskit_3,3,72,69,3,60,3,1.1,2,60.0,211.0,3.5166666666666666,0.02312612533569336,0.0007390975952148438,QUBIT-LEVEL,"[2, 1, 0]","[2, 2, 2]","[2, 1, 0]","[2, 1, 0]"
portfolioqaoa_indep_qiskit_3,3,72,69,3,60,3,1.2,2,60.0,211.0,3.5166666666666666,0.022703886032104492,0.0007359981536865234,QUBIT-LEVEL,"[2, 1, 0]","[2, 2, 2]","[2, 1, 0]","[2, 1, 0]"
portfolioqaoa_indep_qiskit_3,3,72,69,3,60,3,1.3,2,60.0,211.0,3.5166666666666666,0.023005962371826172,0.0007610321044921875,QUBIT-LEVEL,"[2, 1, 0]","[2, 2, 2]","[2, 1, 0]","[2, 1, 0]"
portfolioqaoa_indep_qiskit_3,3,72,69,3,60,3,1.4,2,60.0,211.0,3.5166666666666666,0.022462844848632812,0.0007700920104980469,QUBIT-LEVEL,"[2, 1, 0]","[2, 2, 2]","[2, 1, 0]","[2, 1, 0]"
portfolioqaoa_indep_qiskit_3,3,72,69,3,60,3,1.5,2,60.0,211.0,3.5166666666666666,0.022823810577392578,0.0007309913635253906,QUBIT-LEVEL,"[2, 1, 0]","[2, 2, 2]","[2, 1, 0]","[2, 1, 0]"
grover-v-chain_indep_qiskit_3,3,49,46,3,40,3,1.0,1,60.0,63.0,1.05,0.004038095474243164,0.0005490779876708984,QUBIT-LEVEL,"[1, 1, 1]","[1, 1, 1]","[1, 1, 1]","[2, 0, 1]"
grover-v-chain_indep_qiskit_3,3,49,46,3,40,3,1.1,2,30.0,103.0,3.433333333333333,0.01584792137145996,0.0004439353942871094,QUBIT-LEVEL,"[2, 1, 0]","[2, 2, 2]","[2, 1, 0]","[1, 0, 2]"
grover-v-chain_indep_qiskit_3,3,49,46,3,40,3,1.2,2,30.0,103.0,3.433333333333333,0.016117095947265625,0.00042891502380371094,QUBIT-LEVEL,"[2, 1, 0]","[2, 2, 2]","[2, 1, 0]","[1, 0, 2]"
grover-v-chain_indep_qiskit_3,3,49,46,3,40,3,1.3,2,30.0,103.0,3.433333333333333,0.015636920928955078,0.00043129920959472656,QUBIT-LEVEL,"[2, 1, 0]","[2, 2, 2]","[2, 1, 0]","[1, 0, 2]"
grover-v-chain_indep_qiskit_3,3,49,46,3,40,3,1.4,2,30.0,103.0,3.433333333333333,0.015471935272216797,0.00042819976806640625,QUBIT-LEVEL,"[2, 1, 0]","[2, 2, 2]","[2, 1, 0]","[1, 0, 2]"
grover-v-chain_indep_qiskit_3,3,49,46,3,40,3,1.5,2,30.0,103.0,3.433333333333333,0.015144824981689453,0.0004181861877441406,QUBIT-LEVEL,"[2, 1, 0]","[2, 2, 2]","[2, 1, 0]","[1, 0, 2]"
portfoliovqe_indep_qiskit_3,3,72,69,3,60,3,1.0,1,90.0,92.0,1.0222222222222221,0.0059168338775634766,0.0008921623229980469,QUBIT-LEVEL,"[1, 1, 1]","[1, 1, 1]","[1, 1, 1]","[2, 1, 0]"
portfoliovqe_indep_qiskit_3,3,72,69,3,60,3,1.1,2,60.0,211.0,3.5166666666666666,0.022410154342651367,0.0007138252258300781,QUBIT-LEVEL,"[2, 1, 0]","[2, 2, 2]","[2, 1, 0]","[2, 1, 0]"
portfoliovqe_indep_qiskit_3,3,72,69,3,60,3,1.2,2,60.0,211.0,3.5166666666666666,0.022272109985351562,0.00072479248046875,QUBIT-LEVEL,"[2, 1, 0]","[2, 2, 2]","[2, 1, 0]","[2, 1, 0]"
portfoliovqe_indep_qiskit_3,3,72,69,3,60,3,1.3,2,60.0,211.0,3.5166666666666666,0.02447795867919922,0.0008161067962646484,QUBIT-LEVEL,"[2, 1, 0]","[2, 2, 2]","[2, 1, 0]","[2, 1, 0]"
portfoliovqe_indep_qiskit_3,3,72,69,3,60,3,1.4,2,60.0,211.0,3.5166666666666666,0.022305965423583984,0.0007231235504150391,QUBIT-LEVEL,"[2, 1, 0]","[2, 2, 2]","[2, 1, 0]","[2, 1, 0]"
portfoliovqe_indep_qiskit_3,3,72,69,3,60,3,1.5,2,60.0,211.0,3.5166666666666666,0.02227187156677246,0.0007030963897705078,QUBIT-LEVEL,"[2, 1, 0]","[2, 2, 2]","[2, 1, 0]","[2, 1, 0]"
random_indep_qiskit_4,4,142,138,4,120,3,1.0,2,90.0,244.0,2.7111111111111112,0.28963303565979004,0.002695798873901367,QUBIT-LEVEL,"[2, 2, 0]","[2, 2, 2]","[2, 2, 0]","[1, 2, 1]"
random_indep_qiskit_4,4,142,138,4,120,3,1.1,2,90.0,244.0,2.7111111111111112,0.2924489974975586,0.002682209014892578,QUBIT-LEVEL,"[2, 2, 0]","[2, 2, 2]","[2, 2, 0]","[1, 2, 1]"
random_indep_qiskit_4,4,142,138,4,120,3,1.2,2,90.0,244.0,2.7111111111111112,0.2938649654388428,0.0025992393493652344,QUBIT-LEVEL,"[2, 2, 0]","[2, 2, 2]","[2, 2, 0]","[1, 2, 1]"
random_indep_qiskit_4,4,142,138,4,120,3,1.3,2,90.0,244.0,2.7111111111111112,0.28986692428588867,0.0026328563690185547,QUBIT-LEVEL,"[2, 2, 0]","[2, 2, 2]","[2, 2, 0]","[1, 2, 1]"
random_indep_qiskit_4,4,142,138,4,120,3,1.4,2,90.0,244.0,2.7111111111111112,0.29111289978027344,0.0026121139526367188,QUBIT-LEVEL,"[2, 2, 0]","[2, 2, 2]","[2, 2, 0]","[1, 2, 1]"
random_indep_qiskit_4,4,142,138,4,120,3,1.5,2,90.0,244.0,2.7111111111111112,0.2872591018676758,0.0026450157165527344,QUBIT-LEVEL,"[2, 2, 0]","[2, 2, 2]","[2, 2, 0]","[1, 2, 1]"
qnn_indep_qiskit_3,3,108,105,3,91,3,1.0,1,140.0,143.0,1.0214285714285714,0.00890803337097168,0.0017940998077392578,QUBIT-LEVEL,"[1, 1, 1]","[1, 1, 1]","[1, 1, 1]","[2, 0, 1]"
qnn_indep_qiskit_3,3,108,105,3,91,3,1.1,2,90.0,292.0,3.2444444444444445,0.03362703323364258,0.0015537738800048828,QUBIT-LEVEL,"[2, 1, 0]","[2, 2, 2]","[2, 1, 0]","[1, 1, 1]"
qnn_indep_qiskit_3,3,108,105,3,91,3,1.2,2,90.0,292.0,3.2444444444444445,0.034024953842163086,0.0016751289367675781,QUBIT-LEVEL,"[2, 1, 0]","[2, 2, 2]","[2, 1, 0]","[1, 1, 1]"
qnn_indep_qiskit_3,3,108,105,3,91,3,1.3,2,90.0,292.0,3.2444444444444445,0.04702305793762207,0.0016012191772460938,QUBIT-LEVEL,"[2, 1, 0]","[2, 2, 2]","[2, 1, 0]","[1, 1, 1]"
qnn_indep_qiskit_3,3,108,105,3,91,3,1.4,2,90.0,292.0,3.2444444444444445,0.03431200981140137,0.0015292167663574219,QUBIT-LEVEL,"[2, 1, 0]","[2, 2, 2]","[2, 1, 0]","[1, 1, 1]"
qnn_indep_qiskit_3,3,108,105,3,91,3,1.5,2,90.0,292.0,3.2444444444444445,0.03693103790283203,0.0015499591827392578,QUBIT-LEVEL,"[2, 1, 0]","[2, 2, 2]","[2, 1, 0]","[1, 1, 1]"
random_indep_qiskit_5,5,187,182,5,157,3,1.0,2,170.0,213.0,1.2529411764705882,1.9570372104644775,0.004518270492553711,QUBIT-LEVEL,"[2, 2, 1]","[2, 2, 2]","[2, 2, 1]","[2, 0, 3]"
random_indep_qiskit_5,5,187,182,5,157,3,1.1,2,170.0,213.0,1.2529411764705882,1.941075086593628,0.004568815231323242,QUBIT-LEVEL,"[2, 2, 1]","[2, 2, 2]","[2, 2, 1]","[2, 0, 3]"
random_indep_qiskit_5,5,187,182,5,157,3,1.2,2,170.0,213.0,1.2529411764705882,1.9155771732330322,0.0046939849853515625,QUBIT-LEVEL,"[2, 2, 1]","[2, 2, 2]","[2, 2, 1]","[2, 0, 3]"
random_indep_qiskit_5,5,187,182,5,157,3,1.3,3,120.0,323.0,2.691666666666667,4.597259998321533,0.003710031509399414,QUBIT-LEVEL,"[3, 2, 0]","[3, 3, 3]","[3, 2, 0]","[2, 0, 3]"
random_indep_qiskit_5,5,187,182,5,157,3,1.4,3,120.0,323.0,2.691666666666667,4.408941030502319,0.003638029098510742,QUBIT-LEVEL,"[3, 2, 0]","[3, 3, 3]","[3, 2, 0]","[2, 0, 3]"
random_indep_qiskit_5,5,187,182,5,157,3,1.5,3,120.0,323.0,2.691666666666667,4.483320951461792,0.0039000511169433594,QUBIT-LEVEL,"[3, 2, 0]","[3, 3, 3]","[3, 2, 0]","[2, 0, 3]"
portfolioqaoa_indep_qiskit_4,4,132,128,4,110,3,1.0,2,120.0,222.0,1.85,0.2870450019836426,0.0024068355560302734,QUBIT-LEVEL,"[2, 2, 0]","[2, 2, 2]","[2, 2, 0]","[1, 0, 3]"
portfolioqaoa_indep_qiskit_4,4,132,128,4,110,3,1.1,2,120.0,222.0,1.85,0.2659797668457031,0.0023517608642578125,QUBIT-LEVEL,"[2, 2, 0]","[2, 2, 2]","[2, 2, 0]","[1, 0, 3]"
portfolioqaoa_indep_qiskit_4,4,132,128,4,110,3,1.2,2,120.0,222.0,1.85,0.2659728527069092,0.0023453235626220703,QUBIT-LEVEL,"[2, 2, 0]","[2, 2, 2]","[2, 2, 0]","[1, 0, 3]"
portfolioqaoa_indep_qiskit_4,4,132,128,4,110,3,1.3,2,120.0,222.0,1.85,0.2769479751586914,0.0024499893188476562,QUBIT-LEVEL,"[2, 2, 0]","[2, 2, 2]","[2, 2, 0]","[1, 0, 3]"
portfolioqaoa_indep_qiskit_4,4,132,128,4,110,3,1.4,2,120.0,222.0,1.85,0.26554107666015625,0.0023059844970703125,QUBIT-LEVEL,"[2, 2, 0]","[2, 2, 2]","[2, 2, 0]","[1, 0, 3]"
portfolioqaoa_indep_qiskit_4,4,132,128,4,110,3,1.5,2,120.0,222.0,1.85,0.2860422134399414,0.002498149871826172,QUBIT-LEVEL,"[2, 2, 0]","[2, 2, 2]","[2, 2, 0]","[1, 0, 3]"
qpeexact_indep_qiskit_3,3,28,26,2,22,3,1.0,1,30.0,32.0,1.0666666666666667,0.0010449886322021484,0.000209808349609375,QUBIT-LEVEL,"[1, 1, 1]","[1, 1, 1]","[1, 1, 0]","[0, 0, 2]"
qpeexact_indep_qiskit_3,3,28,26,2,22,3,1.1,2,10.0,71.0,7.1,0.003259897232055664,0.0001709461212158203,QUBIT-LEVEL,"[2, 1, 0]","[2, 2, 2]","[2, 0, 0]","[0, 0, 2]"
qpeexact_indep_qiskit_3,3,28,26,2,22,3,1.2,2,10.0,71.0,7.1,0.0030808448791503906,0.00016427040100097656,QUBIT-LEVEL,"[2, 1, 0]","[2, 2, 2]","[2, 0, 0]","[0, 0, 2]"
qpeexact_indep_qiskit_3,3,28,26,2,22,3,1.3,2,10.0,71.0,7.1,0.003087759017944336,0.0001628398895263672,QUBIT-LEVEL,"[2, 1, 0]","[2, 2, 2]","[2, 0, 0]","[0, 0, 2]"
qpeexact_indep_qiskit_3,3,28,26,2,22,3,1.4,2,10.0,71.0,7.1,0.003195047378540039,0.00021386146545410156,QUBIT-LEVEL,"[2, 1, 0]","[2, 2, 2]","[2, 0, 0]","[0, 0, 2]"
qpeexact_indep_qiskit_3,3,28,26,2,22,3,1.5,2,10.0,71.0,7.1,0.0033538341522216797,0.00018787384033203125,QUBIT-LEVEL,"[2, 1, 0]","[2, 2, 2]","[2, 0, 0]","[0, 0, 2]"
portfolioqaoa_indep_qiskit_5,5,210,205,5,175,3,1.0,2,240.0,261.0,1.0875,2.1198747158050537,0.006500959396362305,QUBIT-LEVEL,"[2, 2, 1]","[2, 2, 2]","[2, 2, 1]","[2, 0, 3]"
portfolioqaoa_indep_qiskit_5,5,210,205,5,175,3,1.1,2,240.0,261.0,1.0875,2.1623079776763916,0.00651097297668457,QUBIT-LEVEL,"[2, 2, 1]","[2, 2, 2]","[2, 2, 1]","[2, 0, 3]"
portfolioqaoa_indep_qiskit_5,5,210,205,5,175,3,1.2,2,240.0,261.0,1.0875,2.1802101135253906,0.006361961364746094,QUBIT-LEVEL,"[2, 2, 1]","[2, 2, 2]","[2, 2, 1]","[2, 0, 3]"
portfolioqaoa_indep_qiskit_5,5,210,205,5,175,3,1.3,3,180.0,462.0,2.566666666666667,5.0696070194244385,0.004987239837646484,QUBIT-LEVEL,"[3, 2, 0]","[3, 3, 3]","[3, 2, 0]","[4, 1, 0]"
portfolioqaoa_indep_qiskit_5,5,210,205,5,175,3,1.4,3,180.0,462.0,2.566666666666667,5.119555950164795,0.00550389289855957,QUBIT-LEVEL,"[3, 2, 0]","[3, 3, 3]","[3, 2, 0]","[4, 1, 0]"
portfolioqaoa_indep_qiskit_5,5,210,205,5,175,3,1.5,3,180.0,462.0,2.566666666666667,5.0419158935546875,0.0048160552978515625,QUBIT-LEVEL,"[3, 2, 0]","[3, 3, 3]","[3, 2, 0]","[4, 1, 0]"
